city,month_2025,avg_pm25,notes
Delhi,November,207,Severe; frequent health advisories.
Delhi,October,138,Very Poor; festival season and stubble burning.
Delhi,November,240,Severe; frequent health advisories.
Delhi,November,239,Severe; frequent health advisories.
Delhi,September,82,Moderate–Poor air; start of crop-burning season.
Delhi,September,81,Moderate–Poor air; start of crop-burning season.
Delhi,October,120,Very Poor; festival season and stubble burning.
Delhi,November,206,Severe; frequent health advisories.
Delhi,September,75,Moderate–Poor air; start of crop-burning season.
Delhi,November,221,Severe; frequent health advisories.
Delhi,September,79,Moderate–Poor air; start of crop-burning season.
Delhi,October,120,Very Poor; festival season and stubble burning.
Delhi,October,138,Very Poor; festival season and stubble burning.
Delhi,October,149,Very Poor; festival season and stubble burning.
Delhi,September,88,Moderate–Poor air; start of crop-burning season.
Delhi,September,89,Moderate–Poor air; start of crop-burning season.
Delhi,September,77,Moderate–Poor air; start of crop-burning season.
Delhi,November,200,Severe; frequent health advisories.
Delhi,September,85,Moderate–Poor air; start of crop-burning season.
Delhi,October,134,Very Poor; festival season and stubble burning.
Delhi,October,131,Very Poor; festival season and stubble burning.
Delhi,September,85,Moderate–Poor air; start of crop-burning season.
Delhi,October,133,Very Poor; festival season and stubble burning.
Delhi,October,137,Very Poor; festival season and stubble burning.
Delhi,November,217,Severe; frequent health advisories.
Delhi,September,87,Moderate–Poor air; start of crop-burning season.
Delhi,November,206,Severe; frequent health advisories.
Delhi,September,79,Moderate–Poor air; start of crop-burning season.
Delhi,September,85,Moderate–Poor air; start of crop-burning season.
Delhi,October,145,Very Poor; festival season and stubble burning.
Delhi,October,140,Very Poor; festival season and stubble burning.
Delhi,October,136,Very Poor; festival season and stubble burning.
Delhi,September,78,Moderate–Poor air; start of crop-burning season.
Delhi,October,129,Very Poor; festival season and stubble burning.
Delhi,November,201,Severe; frequent health advisories.
Delhi,October,150,Very Poor; festival season and stubble burning.
Delhi,September,70,Moderate–Poor air; start of crop-burning season.
Delhi,September,73,Moderate–Poor air; start of crop-burning season.
Delhi,September,83,Moderate–Poor air; start of crop-burning season.
Delhi,October,137,Very Poor; festival season and stubble burning.
Delhi,September,77,Moderate–Poor air; start of crop-burning season.
Delhi,October,122,Very Poor; festival season and stubble burning.
Delhi,November,217,Severe; frequent health advisories.
Delhi,September,88,Moderate–Poor air; start of crop-burning season.
Delhi,November,222,Severe; frequent health advisories.
Delhi,September,88,Moderate–Poor air; start of crop-burning season.
Delhi,October,134,Very Poor; festival season and stubble burning.
Delhi,October,148,Very Poor; festival season and stubble burning.
Delhi,November,222,Severe; frequent health advisories.
Delhi,September,88,Moderate–Poor air; start of crop-burning season.
Delhi,October,138,Very Poor; festival season and stubble burning.
Delhi,September,87,Moderate–Poor air; start of crop-burning season.
Delhi,September,88,Moderate–Poor air; start of crop-burning season.
Delhi,September,90,Moderate–Poor air; start of crop-burning season.
Delhi,November,222,Severe; frequent health advisories.
Delhi,October,133,Very Poor; festival season and stubble burning.
Delhi,October,138,Very Poor; festival season and stubble burning.
Delhi,November,205,Severe; frequent health advisories.
Delhi,October,133,Very Poor; festival season and stubble burning.
Delhi,October,140,Very Poor; festival season and stubble burning.
Delhi,September,89,Moderate–Poor air; start of crop-burning season.
Delhi,October,137,Very Poor; festival season and stubble burning.
Delhi,October,135,Very Poor; festival season and stubble burning.
Delhi,September,74,Moderate–Poor air; start of crop-burning season.
Delhi,November,215,Severe; frequent health advisories.
Delhi,October,130,Very Poor; festival season and stubble burning.
Delhi,November,215,Severe; frequent health advisories.
Delhi,September,79,Moderate–Poor air; start of crop-burning season.
Delhi,November,224,Severe; frequent health advisories.
Delhi,October,123,Very Poor; festival season and stubble burning.
Delhi,November,231,Severe; frequent health advisories.
Delhi,October,131,Very Poor; festival season and stubble burning.
Delhi,October,123,Very Poor; festival season and stubble burning.
Delhi,September,85,Moderate–Poor air; start of crop-burning season.
Delhi,November,221,Severe; frequent health advisories.
Delhi,November,209,Severe; frequent health advisories.
Delhi,October,128,Very Poor; festival season and stubble burning.
Delhi,September,90,Moderate–Poor air; start of crop-burning season.
Delhi,September,86,Moderate–Poor air; start of crop-burning season.
Delhi,September,83,Moderate–Poor air; start of crop-burning season.
Delhi,November,215,Severe; frequent health advisories.
Delhi,September,77,Moderate–Poor air; start of crop-burning season.
Delhi,September,79,Moderate–Poor air; start of crop-burning season.
Delhi,October,134,Very Poor; festival season and stubble burning.
Delhi,October,127,Very Poor; festival season and stubble burning.
Delhi,November,236,Severe; frequent health advisories.
Delhi,November,209,Severe; frequent health advisories.
Delhi,October,133,Very Poor; festival season and stubble burning.
Delhi,November,234,Severe; frequent health advisories.
Delhi,October,139,Very Poor; festival season and stubble burning.
Delhi,September,80,Moderate–Poor air; start of crop-burning season.
Delhi,September,74,Moderate–Poor air; start of crop-burning season.
Delhi,November,227,Severe; frequent health advisories.
Delhi,September,90,Moderate–Poor air; start of crop-burning season.
Delhi,October,123,Very Poor; festival season and stubble burning.
Delhi,October,130,Very Poor; festival season and stubble burning.
Delhi,November,209,Severe; frequent health advisories.
Delhi,September,74,Moderate–Poor air; start of crop-burning season.
Delhi,November,200,Severe; frequent health advisories.
Delhi,October,132,Very Poor; festival season and stubble burning.
Delhi,September,90,Moderate–Poor air; start of crop-burning season.
Delhi,September,85,Moderate–Poor air; start of crop-burning season.
Delhi,September,79,Moderate–Poor air; start of crop-burning season.
Delhi,November,237,Severe; frequent health advisories.
Delhi,September,80,Moderate–Poor air; start of crop-burning season.
Delhi,September,82,Moderate–Poor air; start of crop-burning season.
Delhi,September,77,Moderate–Poor air; start of crop-burning season.
Delhi,November,202,Severe; frequent health advisories.
Delhi,November,224,Severe; frequent health advisories.
Delhi,October,143,Very Poor; festival season and stubble burning.
Delhi,September,87,Moderate–Poor air; start of crop-burning season.
Delhi,September,85,Moderate–Poor air; start of crop-burning season.
Delhi,November,225,Severe; frequent health advisories.
Delhi,September,85,Moderate–Poor air; start of crop-burning season.
Delhi,September,81,Moderate–Poor air; start of crop-burning season.
Delhi,November,222,Severe; frequent health advisories.
Delhi,November,203,Severe; frequent health advisories.
Delhi,November,224,Severe; frequent health advisories.
Delhi,October,144,Very Poor; festival season and stubble burning.
Delhi,October,144,Very Poor; festival season and stubble burning.
Delhi,November,214,Severe; frequent health advisories.
Delhi,September,72,Moderate–Poor air; start of crop-burning season.
Delhi,November,225,Severe; frequent health advisories.
Delhi,September,86,Moderate–Poor air; start of crop-burning season.
Delhi,September,76,Moderate–Poor air; start of crop-burning season.
Delhi,September,88,Moderate–Poor air; start of crop-burning season.
Delhi,September,76,Moderate–Poor air; start of crop-burning season.
Delhi,September,86,Moderate–Poor air; start of crop-burning season.
Delhi,September,85,Moderate–Poor air; start of crop-burning season.
Delhi,November,234,Severe; frequent health advisories.
Delhi,November,209,Severe; frequent health advisories.
Delhi,November,206,Severe; frequent health advisories.
Delhi,November,213,Severe; frequent health advisories.
Delhi,October,139,Very Poor; festival season and stubble burning.
Delhi,October,133,Very Poor; festival season and stubble burning.
Delhi,September,79,Moderate–Poor air; start of crop-burning season.
Delhi,September,81,Moderate–Poor air; start of crop-burning season.
Delhi,October,136,Very Poor; festival season and stubble burning.
Delhi,October,134,Very Poor; festival season and stubble burning.
Delhi,September,75,Moderate–Poor air; start of crop-burning season.
Delhi,November,238,Severe; frequent health advisories.
Delhi,November,220,Severe; frequent health advisories.
Delhi,November,200,Severe; frequent health advisories.
Delhi,October,126,Very Poor; festival season and stubble burning.
Delhi,September,77,Moderate–Poor air; start of crop-burning season.
Delhi,October,129,Very Poor; festival season and stubble burning.
Delhi,October,131,Very Poor; festival season and stubble burning.
Delhi,September,81,Moderate–Poor air; start of crop-burning season.
Delhi,October,132,Very Poor; festival season and stubble burning.
Delhi,September,71,Moderate–Poor air; start of crop-burning season.
Delhi,September,84,Moderate–Poor air; start of crop-burning season.
Delhi,November,229,Severe; frequent health advisories.
Delhi,September,73,Moderate–Poor air; start of crop-burning season.
Delhi,November,230,Severe; frequent health advisories.
Delhi,September,77,Moderate–Poor air; start of crop-burning season.
Delhi,September,73,Moderate–Poor air; start of crop-burning season.
Delhi,September,80,Moderate–Poor air; start of crop-burning season.
Delhi,September,89,Moderate–Poor air; start of crop-burning season.
Delhi,November,240,Severe; frequent health advisories.
Delhi,September,89,Moderate–Poor air; start of crop-burning season.
Delhi,September,86,Moderate–Poor air; start of crop-burning season.
Delhi,November,231,Severe; frequent health advisories.
Delhi,October,127,Very Poor; festival season and stubble burning.
Delhi,October,146,Very Poor; festival season and stubble burning.
Delhi,September,84,Moderate–Poor air; start of crop-burning season.
Delhi,November,214,Severe; frequent health advisories.
Delhi,October,124,Very Poor; festival season and stubble burning.
Delhi,September,84,Moderate–Poor air; start of crop-burning season.
Delhi,October,134,Very Poor; festival season and stubble burning.
Delhi,October,121,Very Poor; festival season and stubble burning.
Delhi,September,81,Moderate–Poor air; start of crop-burning season.
Delhi,September,89,Moderate–Poor air; start of crop-burning season.
Delhi,September,79,Moderate–Poor air; start of crop-burning season.
Delhi,September,71,Moderate–Poor air; start of crop-burning season.
Delhi,September,79,Moderate–Poor air; start of crop-burning season.
Delhi,October,127,Very Poor; festival season and stubble burning.
Delhi,November,220,Severe; frequent health advisories.
Delhi,October,132,Very Poor; festival season and stubble burning.
Delhi,November,216,Severe; frequent health advisories.
Delhi,September,70,Moderate–Poor air; start of crop-burning season.
Delhi,November,233,Severe; frequent health advisories.
Delhi,November,226,Severe; frequent health advisories.
Delhi,November,226,Severe; frequent health advisories.
Delhi,October,148,Very Poor; festival season and stubble burning.
Delhi,September,73,Moderate–Poor air; start of crop-burning season.
Delhi,November,237,Severe; frequent health advisories.
Delhi,October,143,Very Poor; festival season and stubble burning.
Delhi,September,80,Moderate–Poor air; start of crop-burning season.
Delhi,November,204,Severe; frequent health advisories.
Delhi,October,144,Very Poor; festival season and stubble burning.
Delhi,September,88,Moderate–Poor air; start of crop-burning season.
Delhi,October,120,Very Poor; festival season and stubble burning.
Delhi,November,229,Severe; frequent health advisories.
Delhi,September,75,Moderate–Poor air; start of crop-burning season.
Delhi,November,222,Severe; frequent health advisories.
Delhi,November,208,Severe; frequent health advisories.
Delhi,November,230,Severe; frequent health advisories.
Delhi,September,82,Moderate–Poor air; start of crop-burning season.
Delhi,October,144,Very Poor; festival season and stubble burning.
Delhi,September,74,Moderate–Poor air; start of crop-burning season.
Delhi,September,81,Moderate–Poor air; start of crop-burning season.
Delhi,September,81,Moderate–Poor air; start of crop-burning season.
Delhi,November,210,Severe; frequent health advisories.
Delhi,November,220,Severe; frequent health advisories.
Delhi,October,121,Very Poor; festival season and stubble burning.
Delhi,September,72,Moderate–Poor air; start of crop-burning season.
Delhi,November,223,Severe; frequent health advisories.
Delhi,September,79,Moderate–Poor air; start of crop-burning season.
Delhi,November,234,Severe; frequent health advisories.
Delhi,October,142,Very Poor; festival season and stubble burning.
Delhi,October,132,Very Poor; festival season and stubble burning.
Delhi,September,77,Moderate–Poor air; start of crop-burning season.
Delhi,November,201,Severe; frequent health advisories.
Delhi,October,130,Very Poor; festival season and stubble burning.
Delhi,November,228,Severe; frequent health advisories.
Delhi,October,148,Very Poor; festival season and stubble burning.
Delhi,September,87,Moderate–Poor air; start of crop-burning season.
Delhi,October,136,Very Poor; festival season and stubble burning.
Delhi,October,146,Very Poor; festival season and stubble burning.
Delhi,September,87,Moderate–Poor air; start of crop-burning season.
Delhi,November,204,Severe; frequent health advisories.
Delhi,November,219,Severe; frequent health advisories.
Delhi,November,222,Severe; frequent health advisories.
Delhi,November,212,Severe; frequent health advisories.
Delhi,September,89,Moderate–Poor air; start of crop-burning season.
Delhi,October,124,Very Poor; festival season and stubble burning.
Delhi,October,139,Very Poor; festival season and stubble burning.
Delhi,November,229,Severe; frequent health advisories.
Delhi,November,240,Severe; frequent health advisories.
Delhi,September,78,Moderate–Poor air; start of crop-burning season.
Delhi,October,145,Very Poor; festival season and stubble burning.
Delhi,September,70,Moderate–Poor air; start of crop-burning season.
Delhi,November,239,Severe; frequent health advisories.
Delhi,November,224,Severe; frequent health advisories.
Delhi,September,73,Moderate–Poor air; start of crop-burning season.
Delhi,November,211,Severe; frequent health advisories.
Delhi,November,238,Severe; frequent health advisories.
Delhi,November,235,Severe; frequent health advisories.
Delhi,November,214,Severe; frequent health advisories.
Delhi,September,88,Moderate–Poor air; start of crop-burning season.
Delhi,November,204,Severe; frequent health advisories.
Delhi,October,148,Very Poor; festival season and stubble burning.
Delhi,October,146,Very Poor; festival season and stubble burning.
Delhi,November,210,Severe; frequent health advisories.
Delhi,November,212,Severe; frequent health advisories.
Delhi,November,217,Severe; frequent health advisories.
Delhi,November,217,Severe; frequent health advisories.
Delhi,October,130,Very Poor; festival season and stubble burning.
Delhi,November,211,Severe; frequent health advisories.
Delhi,September,78,Moderate–Poor air; start of crop-burning season.
Delhi,November,232,Severe; frequent health advisories.
Delhi,November,207,Severe; frequent health advisories.
Delhi,September,81,Moderate–Poor air; start of crop-burning season.
Delhi,September,86,Moderate–Poor air; start of crop-burning season.
Delhi,October,131,Very Poor; festival season and stubble burning.
Delhi,October,129,Very Poor; festival season and stubble burning.
Delhi,September,72,Moderate–Poor air; start of crop-burning season.
Delhi,October,144,Very Poor; festival season and stubble burning.
Delhi,October,148,Very Poor; festival season and stubble burning.
Delhi,October,132,Very Poor; festival season and stubble burning.
Delhi,September,82,Moderate–Poor air; start of crop-burning season.
Delhi,October,150,Very Poor; festival season and stubble burning.
Delhi,October,125,Very Poor; festival season and stubble burning.
Delhi,November,240,Severe; frequent health advisories.
Delhi,November,223,Severe; frequent health advisories.
Delhi,September,84,Moderate–Poor air; start of crop-burning season.
Delhi,November,206,Severe; frequent health advisories.
Delhi,November,235,Severe; frequent health advisories.
Delhi,September,81,Moderate–Poor air; start of crop-burning season.
Delhi,October,132,Very Poor; festival season and stubble burning.
Delhi,October,130,Very Poor; festival season and stubble burning.
Delhi,September,82,Moderate–Poor air; start of crop-burning season.
Delhi,September,71,Moderate–Poor air; start of crop-burning season.
Delhi,November,234,Severe; frequent health advisories.
Delhi,November,231,Severe; frequent health advisories.
Delhi,October,120,Very Poor; festival season and stubble burning.
Delhi,October,143,Very Poor; festival season and stubble burning.
Delhi,September,70,Moderate–Poor air; start of crop-burning season.
Delhi,September,77,Moderate–Poor air; start of crop-burning season.
Delhi,October,121,Very Poor; festival season and stubble burning.
Delhi,October,128,Very Poor; festival season and stubble burning.
Delhi,September,88,Moderate–Poor air; start of crop-burning season.
Delhi,September,86,Moderate–Poor air; start of crop-burning season.
Delhi,September,75,Moderate–Poor air; start of crop-burning season.
Delhi,September,72,Moderate–Poor air; start of crop-burning season.
Delhi,October,148,Very Poor; festival season and stubble burning.
Delhi,October,139,Very Poor; festival season and stubble burning.
Delhi,November,210,Severe; frequent health advisories.
Delhi,November,223,Severe; frequent health advisories.
Delhi,September,75,Moderate–Poor air; start of crop-burning season.
Delhi,October,126,Very Poor; festival season and stubble burning.
Delhi,September,87,Moderate–Poor air; start of crop-burning season.
Delhi,September,80,Moderate–Poor air; start of crop-burning season.
Delhi,September,87,Moderate–Poor air; start of crop-burning season.
Delhi,September,79,Moderate–Poor air; start of crop-burning season.
Delhi,October,129,Very Poor; festival season and stubble burning.
Delhi,November,212,Severe; frequent health advisories.
Delhi,September,82,Moderate–Poor air; start of crop-burning season.
Delhi,October,129,Very Poor; festival season and stubble burning.
Delhi,November,211,Severe; frequent health advisories.
Delhi,November,220,Severe; frequent health advisories.
Delhi,October,143,Very Poor; festival season and stubble burning.
Delhi,September,82,Moderate–Poor air; start of crop-burning season.
Delhi,October,131,Very Poor; festival season and stubble burning.
Delhi,November,216,Severe; frequent health advisories.
Delhi,October,126,Very Poor; festival season and stubble burning.
Delhi,November,218,Severe; frequent health advisories.
Delhi,November,240,Severe; frequent health advisories.
Delhi,November,213,Severe; frequent health advisories.
Delhi,October,142,Very Poor; festival season and stubble burning.
Delhi,September,87,Moderate–Poor air; start of crop-burning season.
Delhi,September,81,Moderate–Poor air; start of crop-burning season.
Delhi,September,80,Moderate–Poor air; start of crop-burning season.
Delhi,November,231,Severe; frequent health advisories.
Delhi,November,237,Severe; frequent health advisories.
Delhi,September,70,Moderate–Poor air; start of crop-burning season.
Delhi,November,230,Severe; frequent health advisories.
Delhi,October,137,Very Poor; festival season and stubble burning.
Delhi,September,73,Moderate–Poor air; start of crop-burning season.
Delhi,October,136,Very Poor; festival season and stubble burning.
Delhi,September,89,Moderate–Poor air; start of crop-burning season.
Delhi,November,219,Severe; frequent health advisories.
Delhi,November,234,Severe; frequent health advisories.
Delhi,September,86,Moderate–Poor air; start of crop-burning season.
Delhi,September,76,Moderate–Poor air; start of crop-burning season.
Delhi,September,88,Moderate–Poor air; start of crop-burning season.
Delhi,October,146,Very Poor; festival season and stubble burning.
Delhi,September,81,Moderate–Poor air; start of crop-burning season.
Delhi,September,81,Moderate–Poor air; start of crop-burning season.
Delhi,September,70,Moderate–Poor air; start of crop-burning season.
Delhi,November,206,Severe; frequent health advisories.
Delhi,September,70,Moderate–Poor air; start of crop-burning season.
Delhi,November,228,Severe; frequent health advisories.
Delhi,September,70,Moderate–Poor air; start of crop-burning season.
Delhi,October,129,Very Poor; festival season and stubble burning.
Delhi,October,139,Very Poor; festival season and stubble burning.
Delhi,October,134,Very Poor; festival season and stubble burning.
Delhi,November,208,Severe; frequent health advisories.
Delhi,September,90,Moderate–Poor air; start of crop-burning season.
Delhi,November,221,Severe; frequent health advisories.
Delhi,November,224,Severe; frequent health advisories.
Delhi,October,147,Very Poor; festival season and stubble burning.
Delhi,September,90,Moderate–Poor air; start of crop-burning season.
Delhi,September,79,Moderate–Poor air; start of crop-burning season.
Delhi,October,120,Very Poor; festival season and stubble burning.
Delhi,September,89,Moderate–Poor air; start of crop-burning season.
Delhi,November,213,Severe; frequent health advisories.
Delhi,October,138,Very Poor; festival season and stubble burning.
Delhi,October,148,Very Poor; festival season and stubble burning.
Delhi,September,83,Moderate–Poor air; start of crop-burning season.
Delhi,October,132,Very Poor; festival season and stubble burning.
Delhi,October,122,Very Poor; festival season and stubble burning.
Delhi,September,77,Moderate–Poor air; start of crop-burning season.
Delhi,October,147,Very Poor; festival season and stubble burning.
Delhi,October,132,Very Poor; festival season and stubble burning.
Delhi,October,120,Very Poor; festival season and stubble burning.
Delhi,November,215,Severe; frequent health advisories.
Delhi,October,122,Very Poor; festival season and stubble burning.
Delhi,November,227,Severe; frequent health advisories.
Delhi,September,88,Moderate–Poor air; start of crop-burning season.
Delhi,October,135,Very Poor; festival season and stubble burning.
Delhi,October,144,Very Poor; festival season and stubble burning.
Delhi,September,73,Moderate–Poor air; start of crop-burning season.
Delhi,November,230,Severe; frequent health advisories.
Delhi,November,233,Severe; frequent health advisories.
Delhi,September,83,Moderate–Poor air; start of crop-burning season.
Delhi,October,122,Very Poor; festival season and stubble burning.
Delhi,October,137,Very Poor; festival season and stubble burning.
Delhi,October,135,Very Poor; festival season and stubble burning.
Delhi,September,81,Moderate–Poor air; start of crop-burning season.
Delhi,November,217,Severe; frequent health advisories.
Delhi,November,208,Severe; frequent health advisories.
Delhi,September,79,Moderate–Poor air; start of crop-burning season.
Delhi,November,203,Severe; frequent health advisories.
Delhi,October,134,Very Poor; festival season and stubble burning.
Delhi,October,135,Very Poor; festival season and stubble burning.
Delhi,September,73,Moderate–Poor air; start of crop-burning season.
Delhi,November,229,Severe; frequent health advisories.
Delhi,October,132,Very Poor; festival season and stubble burning.
Delhi,September,85,Moderate–Poor air; start of crop-burning season.
Delhi,November,213,Severe; frequent health advisories.
Delhi,October,142,Very Poor; festival season and stubble burning.
Delhi,October,147,Very Poor; festival season and stubble burning.
Delhi,October,132,Very Poor; festival season and stubble burning.
Delhi,September,82,Moderate–Poor air; start of crop-burning season.
Delhi,October,138,Very Poor; festival season and stubble burning.
Delhi,November,218,Severe; frequent health advisories.
Delhi,October,150,Very Poor; festival season and stubble burning.
Delhi,November,218,Severe; frequent health advisories.
Delhi,November,200,Severe; frequent health advisories.
Delhi,September,81,Moderate–Poor air; start of crop-burning season.
Delhi,October,126,Very Poor; festival season and stubble burning.
Delhi,November,216,Severe; frequent health advisories.
Delhi,October,122,Very Poor; festival season and stubble burning.
Delhi,October,138,Very Poor; festival season and stubble burning.
Delhi,October,122,Very Poor; festival season and stubble burning.
Delhi,October,127,Very Poor; festival season and stubble burning.
Delhi,September,79,Moderate–Poor air; start of crop-burning season.
Delhi,November,235,Severe; frequent health advisories.
Delhi,September,82,Moderate–Poor air; start of crop-burning season.
Delhi,September,86,Moderate–Poor air; start of crop-burning season.
Delhi,October,126,Very Poor; festival season and stubble burning.
Delhi,November,216,Severe; frequent health advisories.
Delhi,October,129,Very Poor; festival season and stubble burning.
Delhi,October,126,Very Poor; festival season and stubble burning.
Delhi,October,137,Very Poor; festival season and stubble burning.
Delhi,November,239,Severe; frequent health advisories.
Delhi,November,235,Severe; frequent health advisories.
Delhi,October,132,Very Poor; festival season and stubble burning.
Delhi,November,215,Severe; frequent health advisories.
Delhi,November,212,Severe; frequent health advisories.
Delhi,October,129,Very Poor; festival season and stubble burning.
Delhi,October,128,Very Poor; festival season and stubble burning.
Delhi,November,227,Severe; frequent health advisories.
Delhi,September,85,Moderate–Poor air; start of crop-burning season.
Delhi,November,222,Severe; frequent health advisories.
Delhi,November,214,Severe; frequent health advisories.
Delhi,November,218,Severe; frequent health advisories.
Delhi,November,239,Severe; frequent health advisories.
Delhi,October,149,Very Poor; festival season and stubble burning.
Delhi,September,85,Moderate–Poor air; start of crop-burning season.
Delhi,November,233,Severe; frequent health advisories.
Delhi,October,124,Very Poor; festival season and stubble burning.
Delhi,November,202,Severe; frequent health advisories.
Delhi,September,73,Moderate–Poor air; start of crop-burning season.
Delhi,October,147,Very Poor; festival season and stubble burning.
Delhi,November,212,Severe; frequent health advisories.
Delhi,September,73,Moderate–Poor air; start of crop-burning season.
Delhi,October,125,Very Poor; festival season and stubble burning.
Delhi,November,210,Severe; frequent health advisories.
Delhi,October,130,Very Poor; festival season and stubble burning.
Delhi,November,200,Severe; frequent health advisories.
Delhi,November,235,Severe; frequent health advisories.
Delhi,September,77,Moderate–Poor air; start of crop-burning season.
Delhi,September,70,Moderate–Poor air; start of crop-burning season.
Delhi,October,148,Very Poor; festival season and stubble burning.
Delhi,October,146,Very Poor; festival season and stubble burning.
Delhi,October,149,Very Poor; festival season and stubble burning.
Delhi,September,70,Moderate–Poor air; start of crop-burning season.
Delhi,September,87,Moderate–Poor air; start of crop-burning season.
Delhi,November,201,Severe; frequent health advisories.
Delhi,October,135,Very Poor; festival season and stubble burning.
Delhi,September,81,Moderate–Poor air; start of crop-burning season.
Delhi,October,136,Very Poor; festival season and stubble burning.
Delhi,September,82,Moderate–Poor air; start of crop-burning season.
Delhi,September,72,Moderate–Poor air; start of crop-burning season.
Delhi,November,211,Severe; frequent health advisories.
Delhi,September,71,Moderate–Poor air; start of crop-burning season.
Delhi,October,134,Very Poor; festival season and stubble burning.
Delhi,October,145,Very Poor; festival season and stubble burning.
Delhi,November,200,Severe; frequent health advisories.
Delhi,September,74,Moderate–Poor air; start of crop-burning season.
Delhi,November,206,Severe; frequent health advisories.
Delhi,October,123,Very Poor; festival season and stubble burning.
Delhi,October,135,Very Poor; festival season and stubble burning.
Delhi,September,71,Moderate–Poor air; start of crop-burning season.
Delhi,September,89,Moderate–Poor air; start of crop-burning season.
Delhi,September,71,Moderate–Poor air; start of crop-burning season.
Delhi,November,208,Severe; frequent health advisories.
Delhi,September,81,Moderate–Poor air; start of crop-burning season.
Delhi,October,129,Very Poor; festival season and stubble burning.
Delhi,November,229,Severe; frequent health advisories.
Delhi,September,85,Moderate–Poor air; start of crop-burning season.
Delhi,September,77,Moderate–Poor air; start of crop-burning season.
Delhi,September,72,Moderate–Poor air; start of crop-burning season.
Delhi,November,208,Severe; frequent health advisories.
Delhi,November,202,Severe; frequent health advisories.
Delhi,September,86,Moderate–Poor air; start of crop-burning season.
Delhi,September,70,Moderate–Poor air; start of crop-burning season.
Delhi,September,75,Moderate–Poor air; start of crop-burning season.
Delhi,October,129,Very Poor; festival season and stubble burning.
Delhi,October,136,Very Poor; festival season and stubble burning.
Delhi,October,133,Very Poor; festival season and stubble burning.
Delhi,October,133,Very Poor; festival season and stubble burning.
Delhi,October,120,Very Poor; festival season and stubble burning.
Delhi,September,81,Moderate–Poor air; start of crop-burning season.
Delhi,October,129,Very Poor; festival season and stubble burning.
Delhi,September,84,Moderate–Poor air; start of crop-burning season.
Delhi,November,222,Severe; frequent health advisories.
Delhi,October,149,Very Poor; festival season and stubble burning.
Delhi,September,74,Moderate–Poor air; start of crop-burning season.
Delhi,October,127,Very Poor; festival season and stubble burning.
Delhi,September,75,Moderate–Poor air; start of crop-burning season.
Delhi,November,219,Severe; frequent health advisories.
Delhi,October,138,Very Poor; festival season and stubble burning.
Delhi,November,213,Severe; frequent health advisories.
Delhi,October,128,Very Poor; festival season and stubble burning.
Delhi,November,200,Severe; frequent health advisories.
Delhi,November,214,Severe; frequent health advisories.
Delhi,October,131,Very Poor; festival season and stubble burning.
Delhi,September,79,Moderate–Poor air; start of crop-burning season.
Delhi,September,90,Moderate–Poor air; start of crop-burning season.
Delhi,November,240,Severe; frequent health advisories.
Delhi,September,87,Moderate–Poor air; start of crop-burning season.
Delhi,October,128,Very Poor; festival season and stubble burning.
Delhi,October,126,Very Poor; festival season and stubble burning.
Delhi,November,235,Severe; frequent health advisories.
Delhi,October,125,Very Poor; festival season and stubble burning.
Delhi,October,121,Very Poor; festival season and stubble burning.
Delhi,October,137,Very Poor; festival season and stubble burning.
Mumbai,November,51,Moderate; still below Indian NAAQS (60).
Mumbai,October,51,Moderate; some construction and traffic impact.
Mumbai,November,59,Moderate; still below Indian NAAQS (60).
Mumbai,October,45,Moderate; some construction and traffic impact.
Mumbai,October,48,Moderate; some construction and traffic impact.
Mumbai,October,53,Moderate; some construction and traffic impact.
Mumbai,November,59,Moderate; still below Indian NAAQS (60).
Mumbai,November,55,Moderate; still below Indian NAAQS (60).
Mumbai,November,51,Moderate; still below Indian NAAQS (60).
Mumbai,October,47,Moderate; some construction and traffic impact.
Mumbai,October,50,Moderate; some construction and traffic impact.
Mumbai,November,51,Moderate; still below Indian NAAQS (60).
Mumbai,November,52,Moderate; still below Indian NAAQS (60).
Mumbai,November,59,Moderate; still below Indian NAAQS (60).
Mumbai,September,41,Satisfactory–Moderate coastal air.
Mumbai,September,35,Satisfactory–Moderate coastal air.
Mumbai,September,39,Satisfactory–Moderate coastal air.
Mumbai,November,55,Moderate; still below Indian NAAQS (60).
Mumbai,September,35,Satisfactory–Moderate coastal air.
Mumbai,October,46,Moderate; some construction and traffic impact.
Mumbai,September,44,Satisfactory–Moderate coastal air.
Mumbai,October,50,Moderate; some construction and traffic impact.
Mumbai,November,53,Moderate; still below Indian NAAQS (60).
Mumbai,September,43,Satisfactory–Moderate coastal air.
Mumbai,November,52,Moderate; still below Indian NAAQS (60).
Mumbai,October,51,Moderate; some construction and traffic impact.
Mumbai,October,48,Moderate; some construction and traffic impact.
Mumbai,October,47,Moderate; some construction and traffic impact.
Mumbai,September,41,Satisfactory–Moderate coastal air.
Mumbai,September,44,Satisfactory–Moderate coastal air.
Mumbai,November,59,Moderate; still below Indian NAAQS (60).
Mumbai,November,56,Moderate; still below Indian NAAQS (60).
Mumbai,October,47,Moderate; some construction and traffic impact.
Mumbai,October,49,Moderate; some construction and traffic impact.
Mumbai,November,56,Moderate; still below Indian NAAQS (60).
Mumbai,November,51,Moderate; still below Indian NAAQS (60).
Mumbai,September,42,Satisfactory–Moderate coastal air.
Mumbai,September,39,Satisfactory–Moderate coastal air.
Mumbai,September,40,Satisfactory–Moderate coastal air.
Mumbai,October,55,Moderate; some construction and traffic impact.
Mumbai,October,55,Moderate; some construction and traffic impact.
Mumbai,November,56,Moderate; still below Indian NAAQS (60).
Mumbai,September,38,Satisfactory–Moderate coastal air.
Mumbai,October,48,Moderate; some construction and traffic impact.
Mumbai,November,52,Moderate; still below Indian NAAQS (60).
Mumbai,September,35,Satisfactory–Moderate coastal air.
Mumbai,September,40,Satisfactory–Moderate coastal air.
Mumbai,November,57,Moderate; still below Indian NAAQS (60).
Mumbai,September,44,Satisfactory–Moderate coastal air.
Mumbai,October,50,Moderate; some construction and traffic impact.
Mumbai,October,55,Moderate; some construction and traffic impact.
Mumbai,September,44,Satisfactory–Moderate coastal air.
Mumbai,September,42,Satisfactory–Moderate coastal air.
Mumbai,September,45,Satisfactory–Moderate coastal air.
Mumbai,October,54,Moderate; some construction and traffic impact.
Mumbai,September,44,Satisfactory–Moderate coastal air.
Mumbai,November,56,Moderate; still below Indian NAAQS (60).
Mumbai,October,46,Moderate; some construction and traffic impact.
Mumbai,September,35,Satisfactory–Moderate coastal air.
Mumbai,September,43,Satisfactory–Moderate coastal air.
Mumbai,September,42,Satisfactory–Moderate coastal air.
Mumbai,October,51,Moderate; some construction and traffic impact.
Mumbai,November,60,Moderate; still below Indian NAAQS (60).
Mumbai,September,35,Satisfactory–Moderate coastal air.
Mumbai,November,54,Moderate; still below Indian NAAQS (60).
Mumbai,September,40,Satisfactory–Moderate coastal air.
Mumbai,October,45,Moderate; some construction and traffic impact.
Mumbai,September,41,Satisfactory–Moderate coastal air.
Mumbai,September,36,Satisfactory–Moderate coastal air.
Mumbai,November,54,Moderate; still below Indian NAAQS (60).
Mumbai,November,60,Moderate; still below Indian NAAQS (60).
Mumbai,September,44,Satisfactory–Moderate coastal air.
Mumbai,October,52,Moderate; some construction and traffic impact.
Mumbai,November,55,Moderate; still below Indian NAAQS (60).
Mumbai,November,53,Moderate; still below Indian NAAQS (60).
Mumbai,October,54,Moderate; some construction and traffic impact.
Mumbai,September,38,Satisfactory–Moderate coastal air.
Mumbai,September,37,Satisfactory–Moderate coastal air.
Mumbai,September,37,Satisfactory–Moderate coastal air.
Mumbai,September,44,Satisfactory–Moderate coastal air.
Mumbai,November,53,Moderate; still below Indian NAAQS (60).
Mumbai,September,38,Satisfactory–Moderate coastal air.
Mumbai,October,52,Moderate; some construction and traffic impact.
Mumbai,November,51,Moderate; still below Indian NAAQS (60).
Mumbai,September,36,Satisfactory–Moderate coastal air.
Mumbai,September,38,Satisfactory–Moderate coastal air.
Mumbai,September,40,Satisfactory–Moderate coastal air.
Mumbai,October,54,Moderate; some construction and traffic impact.
Mumbai,October,47,Moderate; some construction and traffic impact.
Mumbai,September,37,Satisfactory–Moderate coastal air.
Mumbai,October,55,Moderate; some construction and traffic impact.
Mumbai,November,57,Moderate; still below Indian NAAQS (60).
Mumbai,November,54,Moderate; still below Indian NAAQS (60).
Mumbai,September,38,Satisfactory–Moderate coastal air.
Mumbai,October,48,Moderate; some construction and traffic impact.
Mumbai,November,60,Moderate; still below Indian NAAQS (60).
Mumbai,September,40,Satisfactory–Moderate coastal air.
Mumbai,October,50,Moderate; some construction and traffic impact.
Mumbai,November,53,Moderate; still below Indian NAAQS (60).
Mumbai,November,54,Moderate; still below Indian NAAQS (60).
Mumbai,September,41,Satisfactory–Moderate coastal air.
Mumbai,November,60,Moderate; still below Indian NAAQS (60).
Mumbai,November,53,Moderate; still below Indian NAAQS (60).
Mumbai,September,42,Satisfactory–Moderate coastal air.
Mumbai,September,43,Satisfactory–Moderate coastal air.
Mumbai,October,53,Moderate; some construction and traffic impact.
Mumbai,September,36,Satisfactory–Moderate coastal air.
Mumbai,October,50,Moderate; some construction and traffic impact.
Mumbai,October,54,Moderate; some construction and traffic impact.
Mumbai,October,45,Moderate; some construction and traffic impact.
Mumbai,October,50,Moderate; some construction and traffic impact.
Mumbai,September,39,Satisfactory–Moderate coastal air.
Mumbai,September,44,Satisfactory–Moderate coastal air.
Mumbai,September,35,Satisfactory–Moderate coastal air.
Mumbai,October,55,Moderate; some construction and traffic impact.
Mumbai,November,53,Moderate; still below Indian NAAQS (60).
Mumbai,September,45,Satisfactory–Moderate coastal air.
Mumbai,September,40,Satisfactory–Moderate coastal air.
Mumbai,November,57,Moderate; still below Indian NAAQS (60).
Mumbai,November,56,Moderate; still below Indian NAAQS (60).
Mumbai,November,55,Moderate; still below Indian NAAQS (60).
Mumbai,September,37,Satisfactory–Moderate coastal air.
Mumbai,November,53,Moderate; still below Indian NAAQS (60).
Mumbai,September,41,Satisfactory–Moderate coastal air.
Mumbai,September,37,Satisfactory–Moderate coastal air.
Mumbai,September,38,Satisfactory–Moderate coastal air.
Mumbai,October,54,Moderate; some construction and traffic impact.
Mumbai,November,50,Moderate; still below Indian NAAQS (60).
Mumbai,October,50,Moderate; some construction and traffic impact.
Mumbai,November,56,Moderate; still below Indian NAAQS (60).
Mumbai,September,42,Satisfactory–Moderate coastal air.
Mumbai,October,49,Moderate; some construction and traffic impact.
Mumbai,November,50,Moderate; still below Indian NAAQS (60).
Mumbai,November,52,Moderate; still below Indian NAAQS (60).
Mumbai,November,52,Moderate; still below Indian NAAQS (60).
Mumbai,November,53,Moderate; still below Indian NAAQS (60).
Mumbai,September,40,Satisfactory–Moderate coastal air.
Mumbai,September,38,Satisfactory–Moderate coastal air.
Mumbai,October,45,Moderate; some construction and traffic impact.
Mumbai,October,52,Moderate; some construction and traffic impact.
Mumbai,November,57,Moderate; still below Indian NAAQS (60).
Mumbai,September,41,Satisfactory–Moderate coastal air.
Mumbai,November,60,Moderate; still below Indian NAAQS (60).
Mumbai,November,57,Moderate; still below Indian NAAQS (60).
Mumbai,October,47,Moderate; some construction and traffic impact.
Mumbai,November,54,Moderate; still below Indian NAAQS (60).
Mumbai,October,49,Moderate; some construction and traffic impact.
Mumbai,September,39,Satisfactory–Moderate coastal air.
Mumbai,November,59,Moderate; still below Indian NAAQS (60).
Mumbai,November,54,Moderate; still below Indian NAAQS (60).
Mumbai,October,54,Moderate; some construction and traffic impact.
Mumbai,September,35,Satisfactory–Moderate coastal air.
Mumbai,September,41,Satisfactory–Moderate coastal air.
Mumbai,November,56,Moderate; still below Indian NAAQS (60).
Mumbai,October,50,Moderate; some construction and traffic impact.
Mumbai,November,55,Moderate; still below Indian NAAQS (60).
Mumbai,September,36,Satisfactory–Moderate coastal air.
Mumbai,November,58,Moderate; still below Indian NAAQS (60).
Mumbai,October,51,Moderate; some construction and traffic impact.
Mumbai,November,59,Moderate; still below Indian NAAQS (60).
Mumbai,November,55,Moderate; still below Indian NAAQS (60).
Mumbai,October,51,Moderate; some construction and traffic impact.
Mumbai,October,51,Moderate; some construction and traffic impact.
Mumbai,October,48,Moderate; some construction and traffic impact.
Mumbai,November,56,Moderate; still below Indian NAAQS (60).
Mumbai,October,49,Moderate; some construction and traffic impact.
Mumbai,November,58,Moderate; still below Indian NAAQS (60).
Mumbai,September,35,Satisfactory–Moderate coastal air.
Mumbai,October,52,Moderate; some construction and traffic impact.
Mumbai,October,49,Moderate; some construction and traffic impact.
Mumbai,October,55,Moderate; some construction and traffic impact.
Mumbai,October,46,Moderate; some construction and traffic impact.
Mumbai,October,45,Moderate; some construction and traffic impact.
Mumbai,November,53,Moderate; still below Indian NAAQS (60).
Mumbai,October,45,Moderate; some construction and traffic impact.
Mumbai,October,49,Moderate; some construction and traffic impact.
Mumbai,November,50,Moderate; still below Indian NAAQS (60).
Mumbai,October,55,Moderate; some construction and traffic impact.
Mumbai,October,45,Moderate; some construction and traffic impact.
Mumbai,September,36,Satisfactory–Moderate coastal air.
Mumbai,October,55,Moderate; some construction and traffic impact.
Mumbai,November,60,Moderate; still below Indian NAAQS (60).
Mumbai,November,59,Moderate; still below Indian NAAQS (60).
Mumbai,October,53,Moderate; some construction and traffic impact.
Mumbai,November,55,Moderate; still below Indian NAAQS (60).
Mumbai,October,51,Moderate; some construction and traffic impact.
Mumbai,November,55,Moderate; still below Indian NAAQS (60).
Mumbai,October,51,Moderate; some construction and traffic impact.
Mumbai,September,45,Satisfactory–Moderate coastal air.
Mumbai,September,38,Satisfactory–Moderate coastal air.
Mumbai,September,39,Satisfactory–Moderate coastal air.
Mumbai,September,44,Satisfactory–Moderate coastal air.
Mumbai,November,55,Moderate; still below Indian NAAQS (60).
Mumbai,October,53,Moderate; some construction and traffic impact.
Mumbai,November,54,Moderate; still below Indian NAAQS (60).
Mumbai,September,45,Satisfactory–Moderate coastal air.
Mumbai,November,54,Moderate; still below Indian NAAQS (60).
Mumbai,November,60,Moderate; still below Indian NAAQS (60).
Mumbai,November,58,Moderate; still below Indian NAAQS (60).
Mumbai,October,52,Moderate; some construction and traffic impact.
Mumbai,September,43,Satisfactory–Moderate coastal air.
Mumbai,November,60,Moderate; still below Indian NAAQS (60).
Mumbai,September,39,Satisfactory–Moderate coastal air.
Mumbai,October,51,Moderate; some construction and traffic impact.
Mumbai,November,54,Moderate; still below Indian NAAQS (60).
Mumbai,September,43,Satisfactory–Moderate coastal air.
Mumbai,October,55,Moderate; some construction and traffic impact.
Mumbai,September,36,Satisfactory–Moderate coastal air.
Mumbai,September,45,Satisfactory–Moderate coastal air.
Mumbai,November,56,Moderate; still below Indian NAAQS (60).
Mumbai,October,47,Moderate; some construction and traffic impact.
Mumbai,October,51,Moderate; some construction and traffic impact.
Mumbai,September,42,Satisfactory–Moderate coastal air.
Mumbai,September,37,Satisfactory–Moderate coastal air.
Mumbai,November,51,Moderate; still below Indian NAAQS (60).
Mumbai,November,53,Moderate; still below Indian NAAQS (60).
Mumbai,November,59,Moderate; still below Indian NAAQS (60).
Mumbai,September,45,Satisfactory–Moderate coastal air.
Mumbai,September,45,Satisfactory–Moderate coastal air.
Mumbai,October,46,Moderate; some construction and traffic impact.
Mumbai,October,50,Moderate; some construction and traffic impact.
Mumbai,September,36,Satisfactory–Moderate coastal air.
Mumbai,November,51,Moderate; still below Indian NAAQS (60).
Mumbai,September,42,Satisfactory–Moderate coastal air.
Mumbai,September,45,Satisfactory–Moderate coastal air.
Mumbai,October,46,Moderate; some construction and traffic impact.
Mumbai,September,42,Satisfactory–Moderate coastal air.
Mumbai,November,59,Moderate; still below Indian NAAQS (60).
Mumbai,September,40,Satisfactory–Moderate coastal air.
Mumbai,September,44,Satisfactory–Moderate coastal air.
Mumbai,September,36,Satisfactory–Moderate coastal air.
Mumbai,November,57,Moderate; still below Indian NAAQS (60).
Mumbai,November,59,Moderate; still below Indian NAAQS (60).
Mumbai,September,40,Satisfactory–Moderate coastal air.
Mumbai,September,39,Satisfactory–Moderate coastal air.
Mumbai,November,60,Moderate; still below Indian NAAQS (60).
Mumbai,September,41,Satisfactory–Moderate coastal air.
Mumbai,September,44,Satisfactory–Moderate coastal air.
Mumbai,October,48,Moderate; some construction and traffic impact.
Mumbai,November,54,Moderate; still below Indian NAAQS (60).
Mumbai,October,52,Moderate; some construction and traffic impact.
Mumbai,November,54,Moderate; still below Indian NAAQS (60).
Mumbai,November,52,Moderate; still below Indian NAAQS (60).
Mumbai,September,36,Satisfactory–Moderate coastal air.
Mumbai,November,54,Moderate; still below Indian NAAQS (60).
Mumbai,October,53,Moderate; some construction and traffic impact.
Mumbai,October,51,Moderate; some construction and traffic impact.
Mumbai,September,38,Satisfactory–Moderate coastal air.
Mumbai,October,53,Moderate; some construction and traffic impact.
Mumbai,September,35,Satisfactory–Moderate coastal air.
Mumbai,September,38,Satisfactory–Moderate coastal air.
Mumbai,October,54,Moderate; some construction and traffic impact.
Mumbai,October,47,Moderate; some construction and traffic impact.
Mumbai,September,35,Satisfactory–Moderate coastal air.
Mumbai,November,53,Moderate; still below Indian NAAQS (60).
Mumbai,September,44,Satisfactory–Moderate coastal air.
Mumbai,October,48,Moderate; some construction and traffic impact.
Mumbai,November,59,Moderate; still below Indian NAAQS (60).
Mumbai,October,46,Moderate; some construction and traffic impact.
Mumbai,November,52,Moderate; still below Indian NAAQS (60).
Mumbai,November,53,Moderate; still below Indian NAAQS (60).
Mumbai,October,45,Moderate; some construction and traffic impact.
Mumbai,September,37,Satisfactory–Moderate coastal air.
Mumbai,October,52,Moderate; some construction and traffic impact.
Mumbai,October,50,Moderate; some construction and traffic impact.
Mumbai,November,54,Moderate; still below Indian NAAQS (60).
Mumbai,November,58,Moderate; still below Indian NAAQS (60).
Mumbai,September,41,Satisfactory–Moderate coastal air.
Mumbai,November,52,Moderate; still below Indian NAAQS (60).
Mumbai,November,54,Moderate; still below Indian NAAQS (60).
Mumbai,September,37,Satisfactory–Moderate coastal air.
Mumbai,September,38,Satisfactory–Moderate coastal air.
Mumbai,October,52,Moderate; some construction and traffic impact.
Mumbai,November,57,Moderate; still below Indian NAAQS (60).
Mumbai,November,56,Moderate; still below Indian NAAQS (60).
Mumbai,October,46,Moderate; some construction and traffic impact.
Mumbai,November,56,Moderate; still below Indian NAAQS (60).
Mumbai,November,51,Moderate; still below Indian NAAQS (60).
Mumbai,November,53,Moderate; still below Indian NAAQS (60).
Mumbai,September,35,Satisfactory–Moderate coastal air.
Mumbai,September,41,Satisfactory–Moderate coastal air.
Mumbai,October,55,Moderate; some construction and traffic impact.
Mumbai,November,53,Moderate; still below Indian NAAQS (60).
Mumbai,October,53,Moderate; some construction and traffic impact.
Mumbai,September,35,Satisfactory–Moderate coastal air.
Mumbai,November,50,Moderate; still below Indian NAAQS (60).
Mumbai,September,42,Satisfactory–Moderate coastal air.
Mumbai,October,47,Moderate; some construction and traffic impact.
Mumbai,September,41,Satisfactory–Moderate coastal air.
Mumbai,September,45,Satisfactory–Moderate coastal air.
Mumbai,September,41,Satisfactory–Moderate coastal air.
Mumbai,October,52,Moderate; some construction and traffic impact.
Mumbai,November,51,Moderate; still below Indian NAAQS (60).
Mumbai,September,37,Satisfactory–Moderate coastal air.
Mumbai,September,41,Satisfactory–Moderate coastal air.
Mumbai,November,50,Moderate; still below Indian NAAQS (60).
Mumbai,October,48,Moderate; some construction and traffic impact.
Mumbai,October,55,Moderate; some construction and traffic impact.
Mumbai,September,40,Satisfactory–Moderate coastal air.
Mumbai,September,43,Satisfactory–Moderate coastal air.
Mumbai,November,54,Moderate; still below Indian NAAQS (60).
Mumbai,October,50,Moderate; some construction and traffic impact.
Mumbai,September,35,Satisfactory–Moderate coastal air.
Mumbai,October,55,Moderate; some construction and traffic impact.
Mumbai,October,51,Moderate; some construction and traffic impact.
Mumbai,October,52,Moderate; some construction and traffic impact.
Mumbai,November,57,Moderate; still below Indian NAAQS (60).
Mumbai,November,53,Moderate; still below Indian NAAQS (60).
Mumbai,October,50,Moderate; some construction and traffic impact.
Mumbai,September,40,Satisfactory–Moderate coastal air.
Mumbai,November,57,Moderate; still below Indian NAAQS (60).
Mumbai,September,37,Satisfactory–Moderate coastal air.
Mumbai,November,54,Moderate; still below Indian NAAQS (60).
Mumbai,October,46,Moderate; some construction and traffic impact.
Mumbai,November,50,Moderate; still below Indian NAAQS (60).
Mumbai,November,60,Moderate; still below Indian NAAQS (60).
Mumbai,November,56,Moderate; still below Indian NAAQS (60).
Mumbai,October,48,Moderate; some construction and traffic impact.
Mumbai,November,50,Moderate; still below Indian NAAQS (60).
Mumbai,November,51,Moderate; still below Indian NAAQS (60).
Mumbai,October,49,Moderate; some construction and traffic impact.
Mumbai,September,43,Satisfactory–Moderate coastal air.
Mumbai,September,36,Satisfactory–Moderate coastal air.
Mumbai,October,45,Moderate; some construction and traffic impact.
Mumbai,November,54,Moderate; still below Indian NAAQS (60).
Mumbai,October,48,Moderate; some construction and traffic impact.
Mumbai,October,45,Moderate; some construction and traffic impact.
Mumbai,September,38,Satisfactory–Moderate coastal air.
Mumbai,October,46,Moderate; some construction and traffic impact.
Mumbai,September,40,Satisfactory–Moderate coastal air.
Mumbai,October,49,Moderate; some construction and traffic impact.
Mumbai,November,54,Moderate; still below Indian NAAQS (60).
Mumbai,October,47,Moderate; some construction and traffic impact.
Mumbai,November,50,Moderate; still below Indian NAAQS (60).
Mumbai,September,43,Satisfactory–Moderate coastal air.
Mumbai,September,43,Satisfactory–Moderate coastal air.
Mumbai,October,54,Moderate; some construction and traffic impact.
Mumbai,November,60,Moderate; still below Indian NAAQS (60).
Mumbai,September,35,Satisfactory–Moderate coastal air.
Mumbai,September,40,Satisfactory–Moderate coastal air.
Mumbai,September,35,Satisfactory–Moderate coastal air.
Mumbai,October,52,Moderate; some construction and traffic impact.
Mumbai,October,50,Moderate; some construction and traffic impact.
Mumbai,October,47,Moderate; some construction and traffic impact.
Mumbai,October,48,Moderate; some construction and traffic impact.
Mumbai,November,60,Moderate; still below Indian NAAQS (60).
Mumbai,September,45,Satisfactory–Moderate coastal air.
Mumbai,October,45,Moderate; some construction and traffic impact.
Mumbai,October,46,Moderate; some construction and traffic impact.
Mumbai,November,57,Moderate; still below Indian NAAQS (60).
Mumbai,November,58,Moderate; still below Indian NAAQS (60).
Mumbai,October,48,Moderate; some construction and traffic impact.
Mumbai,September,38,Satisfactory–Moderate coastal air.
Mumbai,October,53,Moderate; some construction and traffic impact.
Mumbai,November,54,Moderate; still below Indian NAAQS (60).
Mumbai,October,46,Moderate; some construction and traffic impact.
Mumbai,November,59,Moderate; still below Indian NAAQS (60).
Mumbai,October,45,Moderate; some construction and traffic impact.
Mumbai,September,45,Satisfactory–Moderate coastal air.
Mumbai,October,45,Moderate; some construction and traffic impact.
Mumbai,September,39,Satisfactory–Moderate coastal air.
Mumbai,October,49,Moderate; some construction and traffic impact.
Mumbai,November,58,Moderate; still below Indian NAAQS (60).
Mumbai,October,46,Moderate; some construction and traffic impact.
Mumbai,November,55,Moderate; still below Indian NAAQS (60).
Mumbai,October,45,Moderate; some construction and traffic impact.
Mumbai,October,47,Moderate; some construction and traffic impact.
Mumbai,October,52,Moderate; some construction and traffic impact.
Mumbai,October,47,Moderate; some construction and traffic impact.
Mumbai,October,45,Moderate; some construction and traffic impact.
Mumbai,September,35,Satisfactory–Moderate coastal air.
Mumbai,October,53,Moderate; some construction and traffic impact.
Mumbai,November,58,Moderate; still below Indian NAAQS (60).
Mumbai,September,45,Satisfactory–Moderate coastal air.
Mumbai,September,37,Satisfactory–Moderate coastal air.
Mumbai,September,41,Satisfactory–Moderate coastal air.
Mumbai,October,53,Moderate; some construction and traffic impact.
Mumbai,November,58,Moderate; still below Indian NAAQS (60).
Mumbai,September,38,Satisfactory–Moderate coastal air.
Mumbai,November,51,Moderate; still below Indian NAAQS (60).
Mumbai,October,46,Moderate; some construction and traffic impact.
Mumbai,September,35,Satisfactory–Moderate coastal air.
Mumbai,September,43,Satisfactory–Moderate coastal air.
Mumbai,November,53,Moderate; still below Indian NAAQS (60).
Mumbai,September,37,Satisfactory–Moderate coastal air.
Mumbai,September,41,Satisfactory–Moderate coastal air.
Mumbai,October,47,Moderate; some construction and traffic impact.
Mumbai,November,53,Moderate; still below Indian NAAQS (60).
Mumbai,September,40,Satisfactory–Moderate coastal air.
Mumbai,September,44,Satisfactory–Moderate coastal air.
Mumbai,October,46,Moderate; some construction and traffic impact.
Mumbai,November,59,Moderate; still below Indian NAAQS (60).
Mumbai,September,35,Satisfactory–Moderate coastal air.
Mumbai,September,35,Satisfactory–Moderate coastal air.
Mumbai,October,47,Moderate; some construction and traffic impact.
Mumbai,October,52,Moderate; some construction and traffic impact.
Mumbai,November,54,Moderate; still below Indian NAAQS (60).
Mumbai,November,56,Moderate; still below Indian NAAQS (60).
Mumbai,September,42,Satisfactory–Moderate coastal air.
Mumbai,November,59,Moderate; still below Indian NAAQS (60).
Mumbai,October,50,Moderate; some construction and traffic impact.
Mumbai,October,48,Moderate; some construction and traffic impact.
Mumbai,November,60,Moderate; still below Indian NAAQS (60).
Mumbai,October,45,Moderate; some construction and traffic impact.
Mumbai,November,51,Moderate; still below Indian NAAQS (60).
Mumbai,September,42,Satisfactory–Moderate coastal air.
Mumbai,October,46,Moderate; some construction and traffic impact.
Mumbai,November,52,Moderate; still below Indian NAAQS (60).
Mumbai,October,53,Moderate; some construction and traffic impact.
Mumbai,September,43,Satisfactory–Moderate coastal air.
Mumbai,September,44,Satisfactory–Moderate coastal air.
Mumbai,September,39,Satisfactory–Moderate coastal air.
Mumbai,October,54,Moderate; some construction and traffic impact.
Mumbai,September,38,Satisfactory–Moderate coastal air.
Mumbai,October,50,Moderate; some construction and traffic impact.
Mumbai,November,50,Moderate; still below Indian NAAQS (60).
Mumbai,September,35,Satisfactory–Moderate coastal air.
Mumbai,November,60,Moderate; still below Indian NAAQS (60).
Mumbai,October,55,Moderate; some construction and traffic impact.
Mumbai,November,55,Moderate; still below Indian NAAQS (60).
Mumbai,October,47,Moderate; some construction and traffic impact.
Mumbai,November,56,Moderate; still below Indian NAAQS (60).
Mumbai,October,51,Moderate; some construction and traffic impact.
Mumbai,September,36,Satisfactory–Moderate coastal air.
Mumbai,November,52,Moderate; still below Indian NAAQS (60).
Mumbai,September,39,Satisfactory–Moderate coastal air.
Mumbai,November,60,Moderate; still below Indian NAAQS (60).
Mumbai,November,52,Moderate; still below Indian NAAQS (60).
Mumbai,September,39,Satisfactory–Moderate coastal air.
Mumbai,October,47,Moderate; some construction and traffic impact.
Mumbai,September,42,Satisfactory–Moderate coastal air.
Mumbai,November,60,Moderate; still below Indian NAAQS (60).
Mumbai,November,59,Moderate; still below Indian NAAQS (60).
Mumbai,September,40,Satisfactory–Moderate coastal air.
Mumbai,October,50,Moderate; some construction and traffic impact.
Mumbai,November,60,Moderate; still below Indian NAAQS (60).
Mumbai,October,48,Moderate; some construction and traffic impact.
Mumbai,November,52,Moderate; still below Indian NAAQS (60).
Mumbai,September,39,Satisfactory–Moderate coastal air.
Mumbai,October,55,Moderate; some construction and traffic impact.
Mumbai,September,42,Satisfactory–Moderate coastal air.
Mumbai,October,54,Moderate; some construction and traffic impact.
Mumbai,September,37,Satisfactory–Moderate coastal air.
Mumbai,September,38,Satisfactory–Moderate coastal air.
Mumbai,September,38,Satisfactory–Moderate coastal air.
Mumbai,October,54,Moderate; some construction and traffic impact.
Mumbai,September,40,Satisfactory–Moderate coastal air.
Mumbai,November,58,Moderate; still below Indian NAAQS (60).
Mumbai,November,53,Moderate; still below Indian NAAQS (60).
Mumbai,September,43,Satisfactory–Moderate coastal air.
Mumbai,October,46,Moderate; some construction and traffic impact.
Mumbai,October,55,Moderate; some construction and traffic impact.
Mumbai,October,50,Moderate; some construction and traffic impact.
Mumbai,November,60,Moderate; still below Indian NAAQS (60).
Mumbai,September,36,Satisfactory–Moderate coastal air.
Mumbai,September,36,Satisfactory–Moderate coastal air.
Mumbai,October,52,Moderate; some construction and traffic impact.
Mumbai,November,52,Moderate; still below Indian NAAQS (60).
Mumbai,November,53,Moderate; still below Indian NAAQS (60).
Mumbai,September,45,Satisfactory–Moderate coastal air.
Mumbai,October,45,Moderate; some construction and traffic impact.
Mumbai,October,48,Moderate; some construction and traffic impact.
Mumbai,November,59,Moderate; still below Indian NAAQS (60).
Mumbai,September,45,Satisfactory–Moderate coastal air.
Mumbai,September,40,Satisfactory–Moderate coastal air.
Mumbai,September,38,Satisfactory–Moderate coastal air.
Mumbai,October,48,Moderate; some construction and traffic impact.
Mumbai,September,40,Satisfactory–Moderate coastal air.
Mumbai,November,55,Moderate; still below Indian NAAQS (60).
Mumbai,October,50,Moderate; some construction and traffic impact.
Mumbai,September,38,Satisfactory–Moderate coastal air.
Mumbai,October,50,Moderate; some construction and traffic impact.
Mumbai,September,37,Satisfactory–Moderate coastal air.
Mumbai,November,60,Moderate; still below Indian NAAQS (60).
Mumbai,October,45,Moderate; some construction and traffic impact.
Mumbai,September,45,Satisfactory–Moderate coastal air.
Mumbai,October,54,Moderate; some construction and traffic impact.
Mumbai,November,59,Moderate; still below Indian NAAQS (60).
Mumbai,September,38,Satisfactory–Moderate coastal air.
Mumbai,September,41,Satisfactory–Moderate coastal air.
Mumbai,November,56,Moderate; still below Indian NAAQS (60).
Mumbai,November,52,Moderate; still below Indian NAAQS (60).
Mumbai,September,45,Satisfactory–Moderate coastal air.
Mumbai,November,57,Moderate; still below Indian NAAQS (60).
Mumbai,October,47,Moderate; some construction and traffic impact.
Mumbai,November,58,Moderate; still below Indian NAAQS (60).
Mumbai,October,54,Moderate; some construction and traffic impact.
Mumbai,October,51,Moderate; some construction and traffic impact.
Mumbai,October,48,Moderate; some construction and traffic impact.
Mumbai,October,50,Moderate; some construction and traffic impact.
Mumbai,September,38,Satisfactory–Moderate coastal air.
Mumbai,September,44,Satisfactory–Moderate coastal air.
Mumbai,November,51,Moderate; still below Indian NAAQS (60).
Mumbai,November,54,Moderate; still below Indian NAAQS (60).
Mumbai,November,52,Moderate; still below Indian NAAQS (60).
Mumbai,October,52,Moderate; some construction and traffic impact.
Mumbai,September,43,Satisfactory–Moderate coastal air.
Mumbai,September,44,Satisfactory–Moderate coastal air.
Mumbai,October,51,Moderate; some construction and traffic impact.
Mumbai,October,54,Moderate; some construction and traffic impact.
Bengaluru,September,31,Satisfactory; relatively cleaner air.
Bengaluru,September,30,Satisfactory; relatively cleaner air.
Bengaluru,November,38,Satisfactory–Moderate.
Bengaluru,November,37,Satisfactory–Moderate.
Bengaluru,October,37,Satisfactory–Moderate.
Bengaluru,November,36,Satisfactory–Moderate.
Bengaluru,November,37,Satisfactory–Moderate.
Bengaluru,October,35,Satisfactory–Moderate.
Bengaluru,September,28,Satisfactory; relatively cleaner air.
Bengaluru,September,29,Satisfactory; relatively cleaner air.
Bengaluru,September,33,Satisfactory; relatively cleaner air.
Bengaluru,October,35,Satisfactory–Moderate.
Bengaluru,October,33,Satisfactory–Moderate.
Bengaluru,October,32,Satisfactory–Moderate.
Bengaluru,September,30,Satisfactory; relatively cleaner air.
Bengaluru,September,34,Satisfactory; relatively cleaner air.
Bengaluru,September,35,Satisfactory; relatively cleaner air.
Bengaluru,September,30,Satisfactory; relatively cleaner air.
Bengaluru,October,38,Satisfactory–Moderate.
Bengaluru,September,34,Satisfactory; relatively cleaner air.
Bengaluru,November,37,Satisfactory–Moderate.
Bengaluru,November,38,Satisfactory–Moderate.
Bengaluru,October,32,Satisfactory–Moderate.
Bengaluru,October,37,Satisfactory–Moderate.
Bengaluru,September,35,Satisfactory; relatively cleaner air.
Bengaluru,November,40,Satisfactory–Moderate.
Bengaluru,November,37,Satisfactory–Moderate.
Bengaluru,November,36,Satisfactory–Moderate.
Bengaluru,November,42,Satisfactory–Moderate.
Bengaluru,October,38,Satisfactory–Moderate.
Bengaluru,November,41,Satisfactory–Moderate.
Bengaluru,October,36,Satisfactory–Moderate.
Bengaluru,November,35,Satisfactory–Moderate.
Bengaluru,November,38,Satisfactory–Moderate.
Bengaluru,October,33,Satisfactory–Moderate.
Bengaluru,October,38,Satisfactory–Moderate.
Bengaluru,October,37,Satisfactory–Moderate.
Bengaluru,October,37,Satisfactory–Moderate.
Bengaluru,November,40,Satisfactory–Moderate.
Bengaluru,September,31,Satisfactory; relatively cleaner air.
Bengaluru,October,36,Satisfactory–Moderate.
Bengaluru,October,32,Satisfactory–Moderate.
Bengaluru,September,34,Satisfactory; relatively cleaner air.
Bengaluru,September,30,Satisfactory; relatively cleaner air.
Bengaluru,October,34,Satisfactory–Moderate.
Bengaluru,November,38,Satisfactory–Moderate.
Bengaluru,November,42,Satisfactory–Moderate.
Bengaluru,October,37,Satisfactory–Moderate.
Bengaluru,September,32,Satisfactory; relatively cleaner air.
Bengaluru,November,36,Satisfactory–Moderate.
Bengaluru,September,33,Satisfactory; relatively cleaner air.
Bengaluru,September,29,Satisfactory; relatively cleaner air.
Bengaluru,October,37,Satisfactory–Moderate.
Bengaluru,September,29,Satisfactory; relatively cleaner air.
Bengaluru,September,35,Satisfactory; relatively cleaner air.
Bengaluru,November,41,Satisfactory–Moderate.
Bengaluru,October,33,Satisfactory–Moderate.
Bengaluru,November,40,Satisfactory–Moderate.
Bengaluru,November,40,Satisfactory–Moderate.
Bengaluru,November,37,Satisfactory–Moderate.
Bengaluru,September,29,Satisfactory; relatively cleaner air.
Bengaluru,September,35,Satisfactory; relatively cleaner air.
Bengaluru,November,36,Satisfactory–Moderate.
Bengaluru,October,34,Satisfactory–Moderate.
Bengaluru,November,38,Satisfactory–Moderate.
Bengaluru,November,41,Satisfactory–Moderate.
Bengaluru,September,29,Satisfactory; relatively cleaner air.
Bengaluru,October,33,Satisfactory–Moderate.
Bengaluru,November,36,Satisfactory–Moderate.
Bengaluru,October,33,Satisfactory–Moderate.
Bengaluru,November,37,Satisfactory–Moderate.
Bengaluru,November,36,Satisfactory–Moderate.
Bengaluru,November,42,Satisfactory–Moderate.
Bengaluru,October,38,Satisfactory–Moderate.
Bengaluru,September,34,Satisfactory; relatively cleaner air.
Bengaluru,October,36,Satisfactory–Moderate.
Bengaluru,November,37,Satisfactory–Moderate.
Bengaluru,November,35,Satisfactory–Moderate.
Bengaluru,October,36,Satisfactory–Moderate.
Bengaluru,October,38,Satisfactory–Moderate.
Bengaluru,September,32,Satisfactory; relatively cleaner air.
Bengaluru,November,38,Satisfactory–Moderate.
Bengaluru,October,33,Satisfactory–Moderate.
Bengaluru,September,30,Satisfactory; relatively cleaner air.
Bengaluru,September,30,Satisfactory; relatively cleaner air.
Bengaluru,October,38,Satisfactory–Moderate.
Bengaluru,September,28,Satisfactory; relatively cleaner air.
Bengaluru,November,37,Satisfactory–Moderate.
Bengaluru,October,35,Satisfactory–Moderate.
Bengaluru,September,33,Satisfactory; relatively cleaner air.
Bengaluru,September,35,Satisfactory; relatively cleaner air.
Bengaluru,September,32,Satisfactory; relatively cleaner air.
Bengaluru,September,33,Satisfactory; relatively cleaner air.
Bengaluru,November,36,Satisfactory–Moderate.
Bengaluru,September,29,Satisfactory; relatively cleaner air.
Bengaluru,October,34,Satisfactory–Moderate.
Bengaluru,November,35,Satisfactory–Moderate.
Bengaluru,September,34,Satisfactory; relatively cleaner air.
Bengaluru,November,40,Satisfactory–Moderate.
Bengaluru,October,37,Satisfactory–Moderate.
Bengaluru,October,34,Satisfactory–Moderate.
Bengaluru,October,37,Satisfactory–Moderate.
Bengaluru,October,38,Satisfactory–Moderate.
Bengaluru,October,33,Satisfactory–Moderate.
Bengaluru,October,34,Satisfactory–Moderate.
Bengaluru,November,39,Satisfactory–Moderate.
Bengaluru,October,35,Satisfactory–Moderate.
Bengaluru,October,34,Satisfactory–Moderate.
Bengaluru,September,36,Satisfactory; relatively cleaner air.
Bengaluru,October,35,Satisfactory–Moderate.
Bengaluru,September,29,Satisfactory; relatively cleaner air.
Bengaluru,November,41,Satisfactory–Moderate.
Bengaluru,October,36,Satisfactory–Moderate.
Bengaluru,November,41,Satisfactory–Moderate.
Bengaluru,November,39,Satisfactory–Moderate.
Bengaluru,September,33,Satisfactory; relatively cleaner air.
Bengaluru,November,41,Satisfactory–Moderate.
Bengaluru,September,31,Satisfactory; relatively cleaner air.
Bengaluru,September,31,Satisfactory; relatively cleaner air.
Bengaluru,September,34,Satisfactory; relatively cleaner air.
Bengaluru,September,30,Satisfactory; relatively cleaner air.
Bengaluru,September,36,Satisfactory; relatively cleaner air.
Bengaluru,September,28,Satisfactory; relatively cleaner air.
Bengaluru,October,38,Satisfactory–Moderate.
Bengaluru,September,28,Satisfactory; relatively cleaner air.
Bengaluru,September,32,Satisfactory; relatively cleaner air.
Bengaluru,October,35,Satisfactory–Moderate.
Bengaluru,October,36,Satisfactory–Moderate.
Bengaluru,October,32,Satisfactory–Moderate.
Bengaluru,October,38,Satisfactory–Moderate.
Bengaluru,September,29,Satisfactory; relatively cleaner air.
Bengaluru,October,37,Satisfactory–Moderate.
Bengaluru,September,30,Satisfactory; relatively cleaner air.
Bengaluru,November,35,Satisfactory–Moderate.
Bengaluru,October,37,Satisfactory–Moderate.
Bengaluru,September,32,Satisfactory; relatively cleaner air.
Bengaluru,October,38,Satisfactory–Moderate.
Bengaluru,November,39,Satisfactory–Moderate.
Bengaluru,September,33,Satisfactory; relatively cleaner air.
Bengaluru,September,35,Satisfactory; relatively cleaner air.
Bengaluru,September,36,Satisfactory; relatively cleaner air.
Bengaluru,September,35,Satisfactory; relatively cleaner air.
Bengaluru,September,30,Satisfactory; relatively cleaner air.
Bengaluru,September,28,Satisfactory; relatively cleaner air.
Bengaluru,September,33,Satisfactory; relatively cleaner air.
Bengaluru,October,37,Satisfactory–Moderate.
Bengaluru,November,37,Satisfactory–Moderate.
Bengaluru,September,34,Satisfactory; relatively cleaner air.
Bengaluru,November,40,Satisfactory–Moderate.
Bengaluru,September,29,Satisfactory; relatively cleaner air.
Bengaluru,October,36,Satisfactory–Moderate.
Bengaluru,September,36,Satisfactory; relatively cleaner air.
Bengaluru,September,31,Satisfactory; relatively cleaner air.
Bengaluru,November,41,Satisfactory–Moderate.
Bengaluru,September,32,Satisfactory; relatively cleaner air.
Bengaluru,October,37,Satisfactory–Moderate.
Bengaluru,October,38,Satisfactory–Moderate.
Bengaluru,October,34,Satisfactory–Moderate.
Bengaluru,October,33,Satisfactory–Moderate.
Bengaluru,October,32,Satisfactory–Moderate.
Bengaluru,November,39,Satisfactory–Moderate.
Bengaluru,October,34,Satisfactory–Moderate.
Bengaluru,November,37,Satisfactory–Moderate.
Bengaluru,October,38,Satisfactory–Moderate.
Bengaluru,November,40,Satisfactory–Moderate.
Bengaluru,November,41,Satisfactory–Moderate.
Bengaluru,October,33,Satisfactory–Moderate.
Bengaluru,September,36,Satisfactory; relatively cleaner air.
Bengaluru,September,35,Satisfactory; relatively cleaner air.
Bengaluru,September,30,Satisfactory; relatively cleaner air.
Bengaluru,November,38,Satisfactory–Moderate.
Bengaluru,September,28,Satisfactory; relatively cleaner air.
Bengaluru,October,34,Satisfactory–Moderate.
Bengaluru,November,40,Satisfactory–Moderate.
Bengaluru,September,29,Satisfactory; relatively cleaner air.
Bengaluru,September,34,Satisfactory; relatively cleaner air.
Bengaluru,September,35,Satisfactory; relatively cleaner air.
Bengaluru,September,28,Satisfactory; relatively cleaner air.
Bengaluru,September,30,Satisfactory; relatively cleaner air.
Bengaluru,October,32,Satisfactory–Moderate.
Bengaluru,September,30,Satisfactory; relatively cleaner air.
Bengaluru,October,32,Satisfactory–Moderate.
Bengaluru,November,40,Satisfactory–Moderate.
Bengaluru,September,31,Satisfactory; relatively cleaner air.
Bengaluru,September,31,Satisfactory; relatively cleaner air.
Bengaluru,September,32,Satisfactory; relatively cleaner air.
Bengaluru,October,35,Satisfactory–Moderate.
Bengaluru,October,36,Satisfactory–Moderate.
Bengaluru,November,37,Satisfactory–Moderate.
Bengaluru,September,31,Satisfactory; relatively cleaner air.
Bengaluru,September,33,Satisfactory; relatively cleaner air.
Bengaluru,November,37,Satisfactory–Moderate.
Bengaluru,October,38,Satisfactory–Moderate.
Bengaluru,October,35,Satisfactory–Moderate.
Bengaluru,November,42,Satisfactory–Moderate.
Bengaluru,October,33,Satisfactory–Moderate.
Bengaluru,September,34,Satisfactory; relatively cleaner air.
Bengaluru,September,28,Satisfactory; relatively cleaner air.
Bengaluru,November,40,Satisfactory–Moderate.
Bengaluru,November,35,Satisfactory–Moderate.
Bengaluru,September,36,Satisfactory; relatively cleaner air.
Bengaluru,September,29,Satisfactory; relatively cleaner air.
Bengaluru,November,39,Satisfactory–Moderate.
Bengaluru,October,38,Satisfactory–Moderate.
Bengaluru,October,38,Satisfactory–Moderate.
Bengaluru,November,41,Satisfactory–Moderate.
Bengaluru,September,36,Satisfactory; relatively cleaner air.
Bengaluru,October,32,Satisfactory–Moderate.
Bengaluru,October,33,Satisfactory–Moderate.
Bengaluru,November,36,Satisfactory–Moderate.
Bengaluru,September,31,Satisfactory; relatively cleaner air.
Bengaluru,September,34,Satisfactory; relatively cleaner air.
Bengaluru,September,29,Satisfactory; relatively cleaner air.
Bengaluru,September,32,Satisfactory; relatively cleaner air.
Bengaluru,September,31,Satisfactory; relatively cleaner air.
Bengaluru,October,38,Satisfactory–Moderate.
Bengaluru,September,34,Satisfactory; relatively cleaner air.
Bengaluru,October,35,Satisfactory–Moderate.
Bengaluru,September,29,Satisfactory; relatively cleaner air.
Bengaluru,September,29,Satisfactory; relatively cleaner air.
Bengaluru,September,34,Satisfactory; relatively cleaner air.
Bengaluru,November,35,Satisfactory–Moderate.
Bengaluru,September,35,Satisfactory; relatively cleaner air.
Bengaluru,October,34,Satisfactory–Moderate.
Bengaluru,September,31,Satisfactory; relatively cleaner air.
Bengaluru,October,36,Satisfactory–Moderate.
Bengaluru,September,32,Satisfactory; relatively cleaner air.
Bengaluru,October,34,Satisfactory–Moderate.
Bengaluru,October,36,Satisfactory–Moderate.
Bengaluru,October,38,Satisfactory–Moderate.
Bengaluru,October,32,Satisfactory–Moderate.
Bengaluru,September,31,Satisfactory; relatively cleaner air.
Bengaluru,September,34,Satisfactory; relatively cleaner air.
Bengaluru,September,35,Satisfactory; relatively cleaner air.
Bengaluru,September,31,Satisfactory; relatively cleaner air.
Bengaluru,November,39,Satisfactory–Moderate.
Bengaluru,September,33,Satisfactory; relatively cleaner air.
Bengaluru,September,30,Satisfactory; relatively cleaner air.
Bengaluru,October,38,Satisfactory–Moderate.
Bengaluru,November,36,Satisfactory–Moderate.
Bengaluru,November,35,Satisfactory–Moderate.
Bengaluru,October,34,Satisfactory–Moderate.
Bengaluru,October,36,Satisfactory–Moderate.
Bengaluru,November,41,Satisfactory–Moderate.
Bengaluru,October,37,Satisfactory–Moderate.
Bengaluru,September,28,Satisfactory; relatively cleaner air.
Bengaluru,October,36,Satisfactory–Moderate.
Bengaluru,November,42,Satisfactory–Moderate.
Bengaluru,September,36,Satisfactory; relatively cleaner air.
Bengaluru,October,38,Satisfactory–Moderate.
Bengaluru,October,33,Satisfactory–Moderate.
Bengaluru,September,30,Satisfactory; relatively cleaner air.
Bengaluru,October,36,Satisfactory–Moderate.
Bengaluru,November,40,Satisfactory–Moderate.
Bengaluru,November,39,Satisfactory–Moderate.
Bengaluru,November,41,Satisfactory–Moderate.
Bengaluru,September,34,Satisfactory; relatively cleaner air.
Bengaluru,October,36,Satisfactory–Moderate.
Bengaluru,September,28,Satisfactory; relatively cleaner air.
Bengaluru,November,36,Satisfactory–Moderate.
Bengaluru,November,37,Satisfactory–Moderate.
Bengaluru,October,38,Satisfactory–Moderate.
Bengaluru,October,36,Satisfactory–Moderate.
Bengaluru,October,33,Satisfactory–Moderate.
Bengaluru,September,34,Satisfactory; relatively cleaner air.
Bengaluru,November,38,Satisfactory–Moderate.
Bengaluru,November,38,Satisfactory–Moderate.
Bengaluru,October,34,Satisfactory–Moderate.
Bengaluru,September,35,Satisfactory; relatively cleaner air.
Bengaluru,November,40,Satisfactory–Moderate.
Bengaluru,October,34,Satisfactory–Moderate.
Bengaluru,October,34,Satisfactory–Moderate.
Bengaluru,November,35,Satisfactory–Moderate.
Bengaluru,September,30,Satisfactory; relatively cleaner air.
Bengaluru,September,34,Satisfactory; relatively cleaner air.
Bengaluru,November,37,Satisfactory–Moderate.
Bengaluru,October,32,Satisfactory–Moderate.
Bengaluru,September,33,Satisfactory; relatively cleaner air.
Bengaluru,October,34,Satisfactory–Moderate.
Bengaluru,September,32,Satisfactory; relatively cleaner air.
Bengaluru,September,32,Satisfactory; relatively cleaner air.
Bengaluru,September,35,Satisfactory; relatively cleaner air.
Bengaluru,November,36,Satisfactory–Moderate.
Bengaluru,September,31,Satisfactory; relatively cleaner air.
Bengaluru,September,35,Satisfactory; relatively cleaner air.
Bengaluru,September,32,Satisfactory; relatively cleaner air.
Bengaluru,November,42,Satisfactory–Moderate.
Bengaluru,October,38,Satisfactory–Moderate.
Bengaluru,September,30,Satisfactory; relatively cleaner air.
Bengaluru,October,37,Satisfactory–Moderate.
Bengaluru,October,33,Satisfactory–Moderate.
Bengaluru,November,37,Satisfactory–Moderate.
Bengaluru,September,32,Satisfactory; relatively cleaner air.
Bengaluru,September,30,Satisfactory; relatively cleaner air.
Bengaluru,October,37,Satisfactory–Moderate.
Bengaluru,October,32,Satisfactory–Moderate.
Bengaluru,September,31,Satisfactory; relatively cleaner air.
Bengaluru,October,33,Satisfactory–Moderate.
Bengaluru,September,34,Satisfactory; relatively cleaner air.
Bengaluru,November,41,Satisfactory–Moderate.
Bengaluru,September,33,Satisfactory; relatively cleaner air.
Bengaluru,October,38,Satisfactory–Moderate.
Bengaluru,September,29,Satisfactory; relatively cleaner air.
Bengaluru,September,29,Satisfactory; relatively cleaner air.
Bengaluru,September,29,Satisfactory; relatively cleaner air.
Bengaluru,September,35,Satisfactory; relatively cleaner air.
Bengaluru,September,34,Satisfactory; relatively cleaner air.
Bengaluru,September,28,Satisfactory; relatively cleaner air.
Bengaluru,October,33,Satisfactory–Moderate.
Bengaluru,September,36,Satisfactory; relatively cleaner air.
Bengaluru,October,36,Satisfactory–Moderate.
Bengaluru,November,35,Satisfactory–Moderate.
Bengaluru,November,38,Satisfactory–Moderate.
Bengaluru,September,32,Satisfactory; relatively cleaner air.
Bengaluru,October,33,Satisfactory–Moderate.
Bengaluru,September,31,Satisfactory; relatively cleaner air.
Bengaluru,October,36,Satisfactory–Moderate.
Bengaluru,October,32,Satisfactory–Moderate.
Bengaluru,November,42,Satisfactory–Moderate.
Bengaluru,September,31,Satisfactory; relatively cleaner air.
Bengaluru,November,39,Satisfactory–Moderate.
Bengaluru,September,31,Satisfactory; relatively cleaner air.
Bengaluru,September,28,Satisfactory; relatively cleaner air.
Bengaluru,November,35,Satisfactory–Moderate.
Bengaluru,September,30,Satisfactory; relatively cleaner air.
Bengaluru,September,29,Satisfactory; relatively cleaner air.
Bengaluru,October,38,Satisfactory–Moderate.
Bengaluru,October,33,Satisfactory–Moderate.
Bengaluru,October,38,Satisfactory–Moderate.
Bengaluru,September,30,Satisfactory; relatively cleaner air.
Bengaluru,November,37,Satisfactory–Moderate.
Bengaluru,November,36,Satisfactory–Moderate.
Bengaluru,November,41,Satisfactory–Moderate.
Bengaluru,September,32,Satisfactory; relatively cleaner air.
Bengaluru,November,39,Satisfactory–Moderate.
Bengaluru,November,35,Satisfactory–Moderate.
Bengaluru,October,35,Satisfactory–Moderate.
Bengaluru,September,30,Satisfactory; relatively cleaner air.
Bengaluru,September,31,Satisfactory; relatively cleaner air.
Bengaluru,September,33,Satisfactory; relatively cleaner air.
Bengaluru,October,33,Satisfactory–Moderate.
Bengaluru,October,34,Satisfactory–Moderate.
Bengaluru,September,30,Satisfactory; relatively cleaner air.
Bengaluru,September,32,Satisfactory; relatively cleaner air.
Bengaluru,September,31,Satisfactory; relatively cleaner air.
Bengaluru,November,38,Satisfactory–Moderate.
Bengaluru,October,33,Satisfactory–Moderate.
Bengaluru,October,34,Satisfactory–Moderate.
Bengaluru,October,34,Satisfactory–Moderate.
Bengaluru,October,33,Satisfactory–Moderate.
Bengaluru,September,30,Satisfactory; relatively cleaner air.
Bengaluru,October,36,Satisfactory–Moderate.
Bengaluru,November,42,Satisfactory–Moderate.
Bengaluru,September,29,Satisfactory; relatively cleaner air.
Bengaluru,October,38,Satisfactory–Moderate.
Bengaluru,November,41,Satisfactory–Moderate.
Bengaluru,November,39,Satisfactory–Moderate.
Bengaluru,October,32,Satisfactory–Moderate.
Bengaluru,October,33,Satisfactory–Moderate.
Bengaluru,October,35,Satisfactory–Moderate.
Bengaluru,November,37,Satisfactory–Moderate.
Bengaluru,October,37,Satisfactory–Moderate.
Bengaluru,November,41,Satisfactory–Moderate.
Bengaluru,October,34,Satisfactory–Moderate.
Bengaluru,October,37,Satisfactory–Moderate.
Bengaluru,November,37,Satisfactory–Moderate.
Bengaluru,October,38,Satisfactory–Moderate.
Bengaluru,September,31,Satisfactory; relatively cleaner air.
Bengaluru,October,37,Satisfactory–Moderate.
Bengaluru,November,39,Satisfactory–Moderate.
Bengaluru,September,30,Satisfactory; relatively cleaner air.
Bengaluru,November,37,Satisfactory–Moderate.
Bengaluru,September,36,Satisfactory; relatively cleaner air.
Bengaluru,October,36,Satisfactory–Moderate.
Bengaluru,September,34,Satisfactory; relatively cleaner air.
Bengaluru,September,34,Satisfactory; relatively cleaner air.
Bengaluru,November,40,Satisfactory–Moderate.
Bengaluru,November,40,Satisfactory–Moderate.
Bengaluru,October,36,Satisfactory–Moderate.
Bengaluru,October,33,Satisfactory–Moderate.
Bengaluru,September,35,Satisfactory; relatively cleaner air.
Bengaluru,September,36,Satisfactory; relatively cleaner air.
Bengaluru,November,35,Satisfactory–Moderate.
Bengaluru,November,36,Satisfactory–Moderate.
Bengaluru,November,40,Satisfactory–Moderate.
Bengaluru,September,35,Satisfactory; relatively cleaner air.
Bengaluru,October,38,Satisfactory–Moderate.
Bengaluru,October,36,Satisfactory–Moderate.
Bengaluru,October,35,Satisfactory–Moderate.
Bengaluru,October,35,Satisfactory–Moderate.
Bengaluru,September,34,Satisfactory; relatively cleaner air.
Bengaluru,October,36,Satisfactory–Moderate.
Bengaluru,September,29,Satisfactory; relatively cleaner air.
Bengaluru,September,35,Satisfactory; relatively cleaner air.
Bengaluru,September,31,Satisfactory; relatively cleaner air.
Bengaluru,October,34,Satisfactory–Moderate.
Bengaluru,November,36,Satisfactory–Moderate.
Bengaluru,October,33,Satisfactory–Moderate.
Bengaluru,November,41,Satisfactory–Moderate.
Bengaluru,October,33,Satisfactory–Moderate.
Bengaluru,October,36,Satisfactory–Moderate.
Bengaluru,September,34,Satisfactory; relatively cleaner air.
Bengaluru,October,35,Satisfactory–Moderate.
Bengaluru,September,36,Satisfactory; relatively cleaner air.
Bengaluru,September,29,Satisfactory; relatively cleaner air.
Bengaluru,October,34,Satisfactory–Moderate.
Bengaluru,October,38,Satisfactory–Moderate.
Bengaluru,September,28,Satisfactory; relatively cleaner air.
Bengaluru,October,34,Satisfactory–Moderate.
Bengaluru,October,36,Satisfactory–Moderate.
Bengaluru,September,34,Satisfactory; relatively cleaner air.
Bengaluru,October,35,Satisfactory–Moderate.
Bengaluru,October,37,Satisfactory–Moderate.
Bengaluru,September,31,Satisfactory; relatively cleaner air.
Bengaluru,October,38,Satisfactory–Moderate.
Bengaluru,October,33,Satisfactory–Moderate.
Bengaluru,September,31,Satisfactory; relatively cleaner air.
Bengaluru,November,41,Satisfactory–Moderate.
Bengaluru,November,35,Satisfactory–Moderate.
Bengaluru,November,38,Satisfactory–Moderate.
Bengaluru,September,30,Satisfactory; relatively cleaner air.
Bengaluru,October,33,Satisfactory–Moderate.
Bengaluru,October,36,Satisfactory–Moderate.
Bengaluru,September,36,Satisfactory; relatively cleaner air.
Bengaluru,October,38,Satisfactory–Moderate.
Bengaluru,November,38,Satisfactory–Moderate.
Bengaluru,October,38,Satisfactory–Moderate.
Bengaluru,October,38,Satisfactory–Moderate.
Bengaluru,September,29,Satisfactory; relatively cleaner air.
Bengaluru,September,36,Satisfactory; relatively cleaner air.
Bengaluru,October,33,Satisfactory–Moderate.
Bengaluru,October,36,Satisfactory–Moderate.
Bengaluru,October,33,Satisfactory–Moderate.
Bengaluru,September,35,Satisfactory; relatively cleaner air.
Bengaluru,October,37,Satisfactory–Moderate.
Bengaluru,September,32,Satisfactory; relatively cleaner air.
Bengaluru,November,39,Satisfactory–Moderate.
Bengaluru,September,28,Satisfactory; relatively cleaner air.
Bengaluru,October,37,Satisfactory–Moderate.
Bengaluru,October,37,Satisfactory–Moderate.
Bengaluru,November,38,Satisfactory–Moderate.
Bengaluru,November,39,Satisfactory–Moderate.
Bengaluru,October,34,Satisfactory–Moderate.
Bengaluru,November,40,Satisfactory–Moderate.
Bengaluru,November,41,Satisfactory–Moderate.
Bengaluru,October,37,Satisfactory–Moderate.
Bengaluru,November,37,Satisfactory–Moderate.
Bengaluru,October,34,Satisfactory–Moderate.
Bengaluru,October,36,Satisfactory–Moderate.
Bengaluru,November,38,Satisfactory–Moderate.
Bengaluru,October,33,Satisfactory–Moderate.
Bengaluru,September,35,Satisfactory; relatively cleaner air.
Bengaluru,November,35,Satisfactory–Moderate.
Bengaluru,November,37,Satisfactory–Moderate.
Bengaluru,October,35,Satisfactory–Moderate.
Bengaluru,October,38,Satisfactory–Moderate.
Bengaluru,October,37,Satisfactory–Moderate.
Bengaluru,September,31,Satisfactory; relatively cleaner air.
Bengaluru,October,34,Satisfactory–Moderate.
Bengaluru,October,35,Satisfactory–Moderate.
Bengaluru,October,37,Satisfactory–Moderate.
Bengaluru,September,29,Satisfactory; relatively cleaner air.
Bengaluru,September,35,Satisfactory; relatively cleaner air.
Bengaluru,November,35,Satisfactory–Moderate.
Bengaluru,October,34,Satisfactory–Moderate.
Bengaluru,October,37,Satisfactory–Moderate.
Bengaluru,November,38,Satisfactory–Moderate.
Bengaluru,October,34,Satisfactory–Moderate.
Bengaluru,November,39,Satisfactory–Moderate.
Bengaluru,November,40,Satisfactory–Moderate.
Bengaluru,September,30,Satisfactory; relatively cleaner air.
Bengaluru,October,35,Satisfactory–Moderate.
Bengaluru,September,36,Satisfactory; relatively cleaner air.
Bengaluru,November,41,Satisfactory–Moderate.
Bengaluru,November,40,Satisfactory–Moderate.
Bengaluru,November,38,Satisfactory–Moderate.
Bengaluru,September,33,Satisfactory; relatively cleaner air.
Bengaluru,September,32,Satisfactory; relatively cleaner air.
Bengaluru,September,33,Satisfactory; relatively cleaner air.
Bengaluru,September,29,Satisfactory; relatively cleaner air.
Bengaluru,October,34,Satisfactory–Moderate.
Bengaluru,September,30,Satisfactory; relatively cleaner air.
Bengaluru,November,35,Satisfactory–Moderate.
Bengaluru,October,35,Satisfactory–Moderate.
Bengaluru,November,42,Satisfactory–Moderate.
Bengaluru,October,32,Satisfactory–Moderate.
Bengaluru,October,34,Satisfactory–Moderate.
Bengaluru,October,33,Satisfactory–Moderate.
Bengaluru,October,33,Satisfactory–Moderate.
Bengaluru,September,33,Satisfactory; relatively cleaner air.
Bengaluru,September,33,Satisfactory; relatively cleaner air.
Bengaluru,October,34,Satisfactory–Moderate.
Bengaluru,September,30,Satisfactory; relatively cleaner air.
Bengaluru,November,40,Satisfactory–Moderate.
Bengaluru,October,35,Satisfactory–Moderate.
Bengaluru,October,33,Satisfactory–Moderate.
Bengaluru,November,40,Satisfactory–Moderate.
Bengaluru,November,40,Satisfactory–Moderate.
Bengaluru,September,31,Satisfactory; relatively cleaner air.
Bengaluru,November,35,Satisfactory–Moderate.
Kolkata,September,65,At Indian NAAQS limit.
Kolkata,October,68,Poor; rising winter inversion.
Kolkata,September,64,At Indian NAAQS limit.
Kolkata,October,72,Poor; rising winter inversion.
Kolkata,October,72,Poor; rising winter inversion.
Kolkata,November,85,Very Poor; health risk for sensitive groups.
Kolkata,September,55,At Indian NAAQS limit.
Kolkata,October,78,Poor; rising winter inversion.
Kolkata,October,73,Poor; rising winter inversion.
Kolkata,November,83,Very Poor; health risk for sensitive groups.
Kolkata,November,89,Very Poor; health risk for sensitive groups.
Kolkata,September,55,At Indian NAAQS limit.
Kolkata,September,60,At Indian NAAQS limit.
Kolkata,October,73,Poor; rising winter inversion.
Kolkata,November,87,Very Poor; health risk for sensitive groups.
Kolkata,September,59,At Indian NAAQS limit.
Kolkata,November,78,Very Poor; health risk for sensitive groups.
Kolkata,September,58,At Indian NAAQS limit.
Kolkata,November,82,Very Poor; health risk for sensitive groups.
Kolkata,October,70,Poor; rising winter inversion.
Kolkata,October,74,Poor; rising winter inversion.
Kolkata,October,69,Poor; rising winter inversion.
Kolkata,October,75,Poor; rising winter inversion.
Kolkata,September,63,At Indian NAAQS limit.
Kolkata,October,77,Poor; rising winter inversion.
Kolkata,November,85,Very Poor; health risk for sensitive groups.
Kolkata,November,78,Very Poor; health risk for sensitive groups.
Kolkata,October,74,Poor; rising winter inversion.
Kolkata,September,65,At Indian NAAQS limit.
Kolkata,October,75,Poor; rising winter inversion.
Kolkata,September,65,At Indian NAAQS limit.
Kolkata,September,64,At Indian NAAQS limit.
Kolkata,November,85,Very Poor; health risk for sensitive groups.
Kolkata,October,77,Poor; rising winter inversion.
Kolkata,September,62,At Indian NAAQS limit.
Kolkata,November,80,Very Poor; health risk for sensitive groups.
Kolkata,September,62,At Indian NAAQS limit.
Kolkata,September,60,At Indian NAAQS limit.
Kolkata,October,75,Poor; rising winter inversion.
Kolkata,November,89,Very Poor; health risk for sensitive groups.
Kolkata,November,85,Very Poor; health risk for sensitive groups.
Kolkata,October,77,Poor; rising winter inversion.
Kolkata,November,86,Very Poor; health risk for sensitive groups.
Kolkata,November,85,Very Poor; health risk for sensitive groups.
Kolkata,November,89,Very Poor; health risk for sensitive groups.
Kolkata,September,61,At Indian NAAQS limit.
Kolkata,November,80,Very Poor; health risk for sensitive groups.
Kolkata,November,87,Very Poor; health risk for sensitive groups.
Kolkata,September,63,At Indian NAAQS limit.
Kolkata,September,61,At Indian NAAQS limit.
Kolkata,November,89,Very Poor; health risk for sensitive groups.
Kolkata,November,84,Very Poor; health risk for sensitive groups.
Kolkata,November,87,Very Poor; health risk for sensitive groups.
Kolkata,October,74,Poor; rising winter inversion.
Kolkata,October,70,Poor; rising winter inversion.
Kolkata,September,61,At Indian NAAQS limit.
Kolkata,October,68,Poor; rising winter inversion.
Kolkata,October,75,Poor; rising winter inversion.
Kolkata,September,65,At Indian NAAQS limit.
Kolkata,October,75,Poor; rising winter inversion.
Kolkata,October,75,Poor; rising winter inversion.
Kolkata,October,77,Poor; rising winter inversion.
Kolkata,September,65,At Indian NAAQS limit.
Kolkata,November,88,Very Poor; health risk for sensitive groups.
Kolkata,October,77,Poor; rising winter inversion.
Kolkata,September,56,At Indian NAAQS limit.
Kolkata,October,76,Poor; rising winter inversion.
Kolkata,October,76,Poor; rising winter inversion.
Kolkata,November,90,Very Poor; health risk for sensitive groups.
Kolkata,October,69,Poor; rising winter inversion.
Kolkata,September,60,At Indian NAAQS limit.
Kolkata,September,57,At Indian NAAQS limit.
Kolkata,September,62,At Indian NAAQS limit.
Kolkata,November,82,Very Poor; health risk for sensitive groups.
Kolkata,September,58,At Indian NAAQS limit.
Kolkata,September,63,At Indian NAAQS limit.
Kolkata,September,57,At Indian NAAQS limit.
Kolkata,September,55,At Indian NAAQS limit.
Kolkata,November,80,Very Poor; health risk for sensitive groups.
Kolkata,October,70,Poor; rising winter inversion.
Kolkata,September,61,At Indian NAAQS limit.
Kolkata,November,79,Very Poor; health risk for sensitive groups.
Kolkata,November,82,Very Poor; health risk for sensitive groups.
Kolkata,September,59,At Indian NAAQS limit.
Kolkata,September,63,At Indian NAAQS limit.
Kolkata,October,70,Poor; rising winter inversion.
Kolkata,November,83,Very Poor; health risk for sensitive groups.
Kolkata,September,63,At Indian NAAQS limit.
Kolkata,October,77,Poor; rising winter inversion.
Kolkata,November,78,Very Poor; health risk for sensitive groups.
Kolkata,November,81,Very Poor; health risk for sensitive groups.
Kolkata,November,79,Very Poor; health risk for sensitive groups.
Kolkata,October,76,Poor; rising winter inversion.
Kolkata,October,73,Poor; rising winter inversion.
Kolkata,November,81,Very Poor; health risk for sensitive groups.
Kolkata,September,55,At Indian NAAQS limit.
Kolkata,September,58,At Indian NAAQS limit.
Kolkata,October,71,Poor; rising winter inversion.
Kolkata,November,78,Very Poor; health risk for sensitive groups.
Kolkata,September,55,At Indian NAAQS limit.
Kolkata,October,74,Poor; rising winter inversion.
Kolkata,November,88,Very Poor; health risk for sensitive groups.
Kolkata,September,56,At Indian NAAQS limit.
Kolkata,September,60,At Indian NAAQS limit.
Kolkata,November,89,Very Poor; health risk for sensitive groups.
Kolkata,September,63,At Indian NAAQS limit.
Kolkata,September,58,At Indian NAAQS limit.
Kolkata,September,61,At Indian NAAQS limit.
Kolkata,October,76,Poor; rising winter inversion.
Kolkata,October,77,Poor; rising winter inversion.
Kolkata,September,58,At Indian NAAQS limit.
Kolkata,November,83,Very Poor; health risk for sensitive groups.
Kolkata,September,60,At Indian NAAQS limit.
Kolkata,November,83,Very Poor; health risk for sensitive groups.
Kolkata,October,71,Poor; rising winter inversion.
Kolkata,October,73,Poor; rising winter inversion.
Kolkata,November,86,Very Poor; health risk for sensitive groups.
Kolkata,September,60,At Indian NAAQS limit.
Kolkata,November,88,Very Poor; health risk for sensitive groups.
Kolkata,September,63,At Indian NAAQS limit.
Kolkata,September,63,At Indian NAAQS limit.
Kolkata,November,81,Very Poor; health risk for sensitive groups.
Kolkata,October,75,Poor; rising winter inversion.
Kolkata,September,59,At Indian NAAQS limit.
Kolkata,September,55,At Indian NAAQS limit.
Kolkata,September,64,At Indian NAAQS limit.
Kolkata,November,86,Very Poor; health risk for sensitive groups.
Kolkata,September,60,At Indian NAAQS limit.
Kolkata,September,56,At Indian NAAQS limit.
Kolkata,November,84,Very Poor; health risk for sensitive groups.
Kolkata,September,60,At Indian NAAQS limit.
Kolkata,November,89,Very Poor; health risk for sensitive groups.
Kolkata,September,61,At Indian NAAQS limit.
Kolkata,October,73,Poor; rising winter inversion.
Kolkata,September,59,At Indian NAAQS limit.
Kolkata,November,89,Very Poor; health risk for sensitive groups.
Kolkata,October,69,Poor; rising winter inversion.
Kolkata,September,59,At Indian NAAQS limit.
Kolkata,October,74,Poor; rising winter inversion.
Kolkata,November,80,Very Poor; health risk for sensitive groups.
Kolkata,October,68,Poor; rising winter inversion.
Kolkata,November,83,Very Poor; health risk for sensitive groups.
Kolkata,November,87,Very Poor; health risk for sensitive groups.
Kolkata,November,89,Very Poor; health risk for sensitive groups.
Kolkata,November,84,Very Poor; health risk for sensitive groups.
Kolkata,October,78,Poor; rising winter inversion.
Kolkata,September,61,At Indian NAAQS limit.
Kolkata,September,61,At Indian NAAQS limit.
Kolkata,September,63,At Indian NAAQS limit.
Kolkata,October,78,Poor; rising winter inversion.
Kolkata,October,73,Poor; rising winter inversion.
Kolkata,October,73,Poor; rising winter inversion.
Kolkata,September,62,At Indian NAAQS limit.
Kolkata,September,62,At Indian NAAQS limit.
Kolkata,November,90,Very Poor; health risk for sensitive groups.
Kolkata,September,60,At Indian NAAQS limit.
Kolkata,November,85,Very Poor; health risk for sensitive groups.
Kolkata,September,57,At Indian NAAQS limit.
Kolkata,October,72,Poor; rising winter inversion.
Kolkata,October,74,Poor; rising winter inversion.
Kolkata,October,76,Poor; rising winter inversion.
Kolkata,September,58,At Indian NAAQS limit.
Kolkata,October,78,Poor; rising winter inversion.
Kolkata,October,78,Poor; rising winter inversion.
Kolkata,October,71,Poor; rising winter inversion.
Kolkata,November,82,Very Poor; health risk for sensitive groups.
Kolkata,October,72,Poor; rising winter inversion.
Kolkata,November,78,Very Poor; health risk for sensitive groups.
Kolkata,October,74,Poor; rising winter inversion.
Kolkata,October,68,Poor; rising winter inversion.
Kolkata,November,79,Very Poor; health risk for sensitive groups.
Kolkata,September,61,At Indian NAAQS limit.
Kolkata,November,88,Very Poor; health risk for sensitive groups.
Kolkata,November,79,Very Poor; health risk for sensitive groups.
Kolkata,October,68,Poor; rising winter inversion.
Kolkata,October,69,Poor; rising winter inversion.
Kolkata,October,73,Poor; rising winter inversion.
Kolkata,September,61,At Indian NAAQS limit.
Kolkata,October,69,Poor; rising winter inversion.
Kolkata,September,55,At Indian NAAQS limit.
Kolkata,November,79,Very Poor; health risk for sensitive groups.
Kolkata,September,61,At Indian NAAQS limit.
Kolkata,November,89,Very Poor; health risk for sensitive groups.
Kolkata,October,71,Poor; rising winter inversion.
Kolkata,September,58,At Indian NAAQS limit.
Kolkata,October,71,Poor; rising winter inversion.
Kolkata,October,71,Poor; rising winter inversion.
Kolkata,November,78,Very Poor; health risk for sensitive groups.
Kolkata,November,84,Very Poor; health risk for sensitive groups.
Kolkata,October,70,Poor; rising winter inversion.
Kolkata,September,62,At Indian NAAQS limit.
Kolkata,October,77,Poor; rising winter inversion.
Kolkata,November,85,Very Poor; health risk for sensitive groups.
Kolkata,October,78,Poor; rising winter inversion.
Kolkata,October,76,Poor; rising winter inversion.
Kolkata,October,69,Poor; rising winter inversion.
Kolkata,October,70,Poor; rising winter inversion.
Kolkata,November,88,Very Poor; health risk for sensitive groups.
Kolkata,November,87,Very Poor; health risk for sensitive groups.
Kolkata,November,90,Very Poor; health risk for sensitive groups.
Kolkata,November,83,Very Poor; health risk for sensitive groups.
Kolkata,September,56,At Indian NAAQS limit.
Kolkata,November,88,Very Poor; health risk for sensitive groups.
Kolkata,September,61,At Indian NAAQS limit.
Kolkata,September,58,At Indian NAAQS limit.
Kolkata,November,84,Very Poor; health risk for sensitive groups.
Kolkata,October,74,Poor; rising winter inversion.
Kolkata,September,64,At Indian NAAQS limit.
Kolkata,October,74,Poor; rising winter inversion.
Kolkata,October,77,Poor; rising winter inversion.
Kolkata,September,63,At Indian NAAQS limit.
Kolkata,September,62,At Indian NAAQS limit.
Kolkata,November,85,Very Poor; health risk for sensitive groups.
Kolkata,September,61,At Indian NAAQS limit.
Kolkata,November,79,Very Poor; health risk for sensitive groups.
Kolkata,November,80,Very Poor; health risk for sensitive groups.
Kolkata,September,55,At Indian NAAQS limit.
Kolkata,November,82,Very Poor; health risk for sensitive groups.
Kolkata,October,78,Poor; rising winter inversion.
Kolkata,September,57,At Indian NAAQS limit.
Kolkata,November,88,Very Poor; health risk for sensitive groups.
Kolkata,November,87,Very Poor; health risk for sensitive groups.
Kolkata,November,84,Very Poor; health risk for sensitive groups.
Kolkata,September,58,At Indian NAAQS limit.
Kolkata,November,80,Very Poor; health risk for sensitive groups.
Kolkata,September,61,At Indian NAAQS limit.
Kolkata,October,78,Poor; rising winter inversion.
Kolkata,October,70,Poor; rising winter inversion.
Kolkata,October,69,Poor; rising winter inversion.
Kolkata,November,83,Very Poor; health risk for sensitive groups.
Kolkata,November,84,Very Poor; health risk for sensitive groups.
Kolkata,September,58,At Indian NAAQS limit.
Kolkata,September,65,At Indian NAAQS limit.
Kolkata,November,85,Very Poor; health risk for sensitive groups.
Kolkata,September,58,At Indian NAAQS limit.
Kolkata,October,77,Poor; rising winter inversion.
Kolkata,September,58,At Indian NAAQS limit.
Kolkata,November,89,Very Poor; health risk for sensitive groups.
Kolkata,September,63,At Indian NAAQS limit.
Kolkata,November,80,Very Poor; health risk for sensitive groups.
Kolkata,November,89,Very Poor; health risk for sensitive groups.
Kolkata,October,74,Poor; rising winter inversion.
Kolkata,September,59,At Indian NAAQS limit.
Kolkata,October,74,Poor; rising winter inversion.
Kolkata,November,82,Very Poor; health risk for sensitive groups.
Kolkata,October,78,Poor; rising winter inversion.
Kolkata,September,57,At Indian NAAQS limit.
Kolkata,September,64,At Indian NAAQS limit.
Kolkata,September,59,At Indian NAAQS limit.
Kolkata,October,75,Poor; rising winter inversion.
Kolkata,October,78,Poor; rising winter inversion.
Kolkata,October,69,Poor; rising winter inversion.
Kolkata,October,76,Poor; rising winter inversion.
Kolkata,September,64,At Indian NAAQS limit.
Kolkata,September,63,At Indian NAAQS limit.
Kolkata,October,72,Poor; rising winter inversion.
Kolkata,November,79,Very Poor; health risk for sensitive groups.
Kolkata,November,80,Very Poor; health risk for sensitive groups.
Kolkata,November,83,Very Poor; health risk for sensitive groups.
Kolkata,October,69,Poor; rising winter inversion.
Kolkata,October,71,Poor; rising winter inversion.
Kolkata,November,88,Very Poor; health risk for sensitive groups.
Kolkata,September,62,At Indian NAAQS limit.
Kolkata,October,75,Poor; rising winter inversion.
Kolkata,October,72,Poor; rising winter inversion.
Kolkata,September,64,At Indian NAAQS limit.
Kolkata,October,78,Poor; rising winter inversion.
Kolkata,September,56,At Indian NAAQS limit.
Kolkata,September,60,At Indian NAAQS limit.
Kolkata,September,57,At Indian NAAQS limit.
Kolkata,November,79,Very Poor; health risk for sensitive groups.
Kolkata,November,84,Very Poor; health risk for sensitive groups.
Kolkata,October,77,Poor; rising winter inversion.
Kolkata,October,76,Poor; rising winter inversion.
Kolkata,September,61,At Indian NAAQS limit.
Kolkata,September,65,At Indian NAAQS limit.
Kolkata,November,79,Very Poor; health risk for sensitive groups.
Kolkata,October,76,Poor; rising winter inversion.
Kolkata,November,78,Very Poor; health risk for sensitive groups.
Kolkata,November,79,Very Poor; health risk for sensitive groups.
Kolkata,October,76,Poor; rising winter inversion.
Kolkata,October,69,Poor; rising winter inversion.
Kolkata,September,57,At Indian NAAQS limit.
Kolkata,October,77,Poor; rising winter inversion.
Kolkata,October,77,Poor; rising winter inversion.
Kolkata,November,89,Very Poor; health risk for sensitive groups.
Kolkata,October,71,Poor; rising winter inversion.
Kolkata,November,89,Very Poor; health risk for sensitive groups.
Kolkata,September,60,At Indian NAAQS limit.
Kolkata,November,84,Very Poor; health risk for sensitive groups.
Kolkata,October,76,Poor; rising winter inversion.
Kolkata,November,80,Very Poor; health risk for sensitive groups.
Kolkata,November,90,Very Poor; health risk for sensitive groups.
Kolkata,November,86,Very Poor; health risk for sensitive groups.
Kolkata,September,56,At Indian NAAQS limit.
Kolkata,September,62,At Indian NAAQS limit.
Kolkata,November,90,Very Poor; health risk for sensitive groups.
Kolkata,October,74,Poor; rising winter inversion.
Kolkata,September,62,At Indian NAAQS limit.
Kolkata,October,78,Poor; rising winter inversion.
Kolkata,September,62,At Indian NAAQS limit.
Kolkata,October,78,Poor; rising winter inversion.
Kolkata,September,61,At Indian NAAQS limit.
Kolkata,October,75,Poor; rising winter inversion.
Kolkata,October,77,Poor; rising winter inversion.
Kolkata,September,61,At Indian NAAQS limit.
Kolkata,September,60,At Indian NAAQS limit.
Kolkata,September,62,At Indian NAAQS limit.
Kolkata,October,69,Poor; rising winter inversion.
Kolkata,November,84,Very Poor; health risk for sensitive groups.
Kolkata,October,75,Poor; rising winter inversion.
Kolkata,November,89,Very Poor; health risk for sensitive groups.
Kolkata,September,62,At Indian NAAQS limit.
Kolkata,October,74,Poor; rising winter inversion.
Kolkata,September,55,At Indian NAAQS limit.
Kolkata,November,89,Very Poor; health risk for sensitive groups.
Kolkata,October,68,Poor; rising winter inversion.
Kolkata,October,77,Poor; rising winter inversion.
Kolkata,September,64,At Indian NAAQS limit.
Kolkata,September,62,At Indian NAAQS limit.
Kolkata,September,63,At Indian NAAQS limit.
Kolkata,November,82,Very Poor; health risk for sensitive groups.
Kolkata,November,89,Very Poor; health risk for sensitive groups.
Kolkata,September,65,At Indian NAAQS limit.
Kolkata,November,79,Very Poor; health risk for sensitive groups.
Kolkata,September,59,At Indian NAAQS limit.
Kolkata,October,70,Poor; rising winter inversion.
Kolkata,November,80,Very Poor; health risk for sensitive groups.
Kolkata,October,70,Poor; rising winter inversion.
Kolkata,September,56,At Indian NAAQS limit.
Kolkata,October,75,Poor; rising winter inversion.
Kolkata,November,82,Very Poor; health risk for sensitive groups.
Kolkata,September,65,At Indian NAAQS limit.
Kolkata,September,60,At Indian NAAQS limit.
Kolkata,October,76,Poor; rising winter inversion.
Kolkata,November,82,Very Poor; health risk for sensitive groups.
Kolkata,September,57,At Indian NAAQS limit.
Kolkata,November,87,Very Poor; health risk for sensitive groups.
Kolkata,November,84,Very Poor; health risk for sensitive groups.
Kolkata,November,84,Very Poor; health risk for sensitive groups.
Kolkata,November,89,Very Poor; health risk for sensitive groups.
Kolkata,October,70,Poor; rising winter inversion.
Kolkata,October,71,Poor; rising winter inversion.
Kolkata,November,86,Very Poor; health risk for sensitive groups.
Kolkata,October,74,Poor; rising winter inversion.
Kolkata,November,83,Very Poor; health risk for sensitive groups.
Kolkata,October,76,Poor; rising winter inversion.
Kolkata,October,72,Poor; rising winter inversion.
Kolkata,October,74,Poor; rising winter inversion.
Kolkata,November,87,Very Poor; health risk for sensitive groups.
Kolkata,September,60,At Indian NAAQS limit.
Kolkata,October,75,Poor; rising winter inversion.
Kolkata,November,79,Very Poor; health risk for sensitive groups.
Kolkata,September,64,At Indian NAAQS limit.
Kolkata,October,74,Poor; rising winter inversion.
Kolkata,October,76,Poor; rising winter inversion.
Kolkata,September,62,At Indian NAAQS limit.
Kolkata,October,71,Poor; rising winter inversion.
Kolkata,October,71,Poor; rising winter inversion.
Kolkata,October,76,Poor; rising winter inversion.
Kolkata,November,85,Very Poor; health risk for sensitive groups.
Kolkata,October,69,Poor; rising winter inversion.
Kolkata,November,79,Very Poor; health risk for sensitive groups.
Kolkata,October,74,Poor; rising winter inversion.
Kolkata,September,61,At Indian NAAQS limit.
Kolkata,September,63,At Indian NAAQS limit.
Kolkata,September,63,At Indian NAAQS limit.
Kolkata,November,80,Very Poor; health risk for sensitive groups.
Kolkata,September,57,At Indian NAAQS limit.
Kolkata,September,65,At Indian NAAQS limit.
Kolkata,September,60,At Indian NAAQS limit.
Kolkata,September,57,At Indian NAAQS limit.
Kolkata,October,75,Poor; rising winter inversion.
Kolkata,October,69,Poor; rising winter inversion.
Kolkata,November,85,Very Poor; health risk for sensitive groups.
Kolkata,September,64,At Indian NAAQS limit.
Kolkata,September,56,At Indian NAAQS limit.
Kolkata,October,71,Poor; rising winter inversion.
Kolkata,September,55,At Indian NAAQS limit.
Kolkata,September,65,At Indian NAAQS limit.
Kolkata,November,84,Very Poor; health risk for sensitive groups.
Kolkata,September,56,At Indian NAAQS limit.
Kolkata,November,90,Very Poor; health risk for sensitive groups.
Kolkata,October,68,Poor; rising winter inversion.
Kolkata,November,84,Very Poor; health risk for sensitive groups.
Kolkata,October,68,Poor; rising winter inversion.
Kolkata,October,68,Poor; rising winter inversion.
Kolkata,November,81,Very Poor; health risk for sensitive groups.
Kolkata,September,65,At Indian NAAQS limit.
Kolkata,September,56,At Indian NAAQS limit.
Kolkata,September,55,At Indian NAAQS limit.
Kolkata,September,55,At Indian NAAQS limit.
Kolkata,September,58,At Indian NAAQS limit.
Kolkata,September,61,At Indian NAAQS limit.
Kolkata,November,83,Very Poor; health risk for sensitive groups.
Kolkata,November,80,Very Poor; health risk for sensitive groups.
Kolkata,September,57,At Indian NAAQS limit.
Kolkata,September,58,At Indian NAAQS limit.
Kolkata,November,87,Very Poor; health risk for sensitive groups.
Kolkata,September,55,At Indian NAAQS limit.
Kolkata,October,74,Poor; rising winter inversion.
Kolkata,October,73,Poor; rising winter inversion.
Kolkata,September,59,At Indian NAAQS limit.
Kolkata,October,68,Poor; rising winter inversion.
Kolkata,September,58,At Indian NAAQS limit.
Kolkata,November,82,Very Poor; health risk for sensitive groups.
Kolkata,October,78,Poor; rising winter inversion.
Kolkata,September,63,At Indian NAAQS limit.
Kolkata,September,64,At Indian NAAQS limit.
Kolkata,September,55,At Indian NAAQS limit.
Kolkata,October,71,Poor; rising winter inversion.
Kolkata,September,55,At Indian NAAQS limit.
Kolkata,September,55,At Indian NAAQS limit.
Kolkata,October,71,Poor; rising winter inversion.
Kolkata,November,83,Very Poor; health risk for sensitive groups.
Kolkata,September,63,At Indian NAAQS limit.
Kolkata,November,89,Very Poor; health risk for sensitive groups.
Kolkata,September,55,At Indian NAAQS limit.
Kolkata,November,90,Very Poor; health risk for sensitive groups.
Kolkata,November,78,Very Poor; health risk for sensitive groups.
Kolkata,September,57,At Indian NAAQS limit.
Kolkata,October,70,Poor; rising winter inversion.
Kolkata,September,62,At Indian NAAQS limit.
Kolkata,October,73,Poor; rising winter inversion.
Kolkata,October,68,Poor; rising winter inversion.
Kolkata,October,68,Poor; rising winter inversion.
Kolkata,October,76,Poor; rising winter inversion.
Kolkata,September,65,At Indian NAAQS limit.
Kolkata,October,70,Poor; rising winter inversion.
Kolkata,November,81,Very Poor; health risk for sensitive groups.
Kolkata,September,62,At Indian NAAQS limit.
Kolkata,September,58,At Indian NAAQS limit.
Kolkata,November,80,Very Poor; health risk for sensitive groups.
Kolkata,October,72,Poor; rising winter inversion.
Kolkata,September,63,At Indian NAAQS limit.
Kolkata,November,81,Very Poor; health risk for sensitive groups.
Kolkata,November,82,Very Poor; health risk for sensitive groups.
Kolkata,September,57,At Indian NAAQS limit.
Kolkata,November,87,Very Poor; health risk for sensitive groups.
Kolkata,October,78,Poor; rising winter inversion.
Kolkata,November,78,Very Poor; health risk for sensitive groups.
Kolkata,November,87,Very Poor; health risk for sensitive groups.
Kolkata,October,69,Poor; rising winter inversion.
Kolkata,September,61,At Indian NAAQS limit.
Kolkata,September,64,At Indian NAAQS limit.
Kolkata,November,86,Very Poor; health risk for sensitive groups.
Kolkata,November,86,Very Poor; health risk for sensitive groups.
Kolkata,September,55,At Indian NAAQS limit.
Kolkata,October,70,Poor; rising winter inversion.
Kolkata,September,60,At Indian NAAQS limit.
Kolkata,November,84,Very Poor; health risk for sensitive groups.
Kolkata,October,78,Poor; rising winter inversion.
Kolkata,September,62,At Indian NAAQS limit.
Kolkata,November,89,Very Poor; health risk for sensitive groups.
Kolkata,September,61,At Indian NAAQS limit.
Kolkata,November,78,Very Poor; health risk for sensitive groups.
Kolkata,September,60,At Indian NAAQS limit.
Kolkata,September,64,At Indian NAAQS limit.
Kolkata,November,90,Very Poor; health risk for sensitive groups.
Kolkata,September,55,At Indian NAAQS limit.
Kolkata,October,70,Poor; rising winter inversion.
Kolkata,September,64,At Indian NAAQS limit.
Kolkata,November,82,Very Poor; health risk for sensitive groups.
Kolkata,November,84,Very Poor; health risk for sensitive groups.
Kolkata,November,84,Very Poor; health risk for sensitive groups.
Kolkata,September,64,At Indian NAAQS limit.
Kolkata,November,79,Very Poor; health risk for sensitive groups.
Kolkata,November,84,Very Poor; health risk for sensitive groups.
Kolkata,September,58,At Indian NAAQS limit.
Kolkata,September,63,At Indian NAAQS limit.
Kolkata,November,80,Very Poor; health risk for sensitive groups.
Kolkata,September,58,At Indian NAAQS limit.
Kolkata,September,60,At Indian NAAQS limit.
Kolkata,October,75,Poor; rising winter inversion.
Kolkata,November,79,Very Poor; health risk for sensitive groups.
Kolkata,November,90,Very Poor; health risk for sensitive groups.
Kolkata,October,78,Poor; rising winter inversion.
Kolkata,October,78,Poor; rising winter inversion.
Kolkata,October,72,Poor; rising winter inversion.
Kolkata,November,90,Very Poor; health risk for sensitive groups.
Kolkata,October,74,Poor; rising winter inversion.
Kolkata,November,89,Very Poor; health risk for sensitive groups.
Kolkata,September,58,At Indian NAAQS limit.
Kolkata,November,85,Very Poor; health risk for sensitive groups.
Kolkata,September,62,At Indian NAAQS limit.
Kolkata,October,69,Poor; rising winter inversion.
Kolkata,November,84,Very Poor; health risk for sensitive groups.
Kolkata,October,69,Poor; rising winter inversion.
Kolkata,November,84,Very Poor; health risk for sensitive groups.
Kolkata,November,89,Very Poor; health risk for sensitive groups.
Kolkata,September,63,At Indian NAAQS limit.
Kolkata,September,56,At Indian NAAQS limit.
Kolkata,November,82,Very Poor; health risk for sensitive groups.
Kolkata,October,74,Poor; rising winter inversion.
Kolkata,September,65,At Indian NAAQS limit.
Kolkata,September,57,At Indian NAAQS limit.
Kolkata,October,69,Poor; rising winter inversion.
Kolkata,September,64,At Indian NAAQS limit.
Kolkata,October,74,Poor; rising winter inversion.
Kolkata,November,83,Very Poor; health risk for sensitive groups.
Chennai,October,35,Moderate.
Chennai,October,43,Moderate.
Chennai,October,45,Moderate.
Chennai,September,35,Satisfactory–Moderate.
Chennai,October,35,Moderate.
Chennai,November,46,Moderate; still better than Delhi/Kolkata.
Chennai,October,35,Moderate.
Chennai,November,47,Moderate; still better than Delhi/Kolkata.
Chennai,November,40,Moderate; still better than Delhi/Kolkata.
Chennai,September,33,Satisfactory–Moderate.
Chennai,November,43,Moderate; still better than Delhi/Kolkata.
Chennai,September,32,Satisfactory–Moderate.
Chennai,October,44,Moderate.
Chennai,October,41,Moderate.
Chennai,November,48,Moderate; still better than Delhi/Kolkata.
Chennai,October,39,Moderate.
Chennai,October,35,Moderate.
Chennai,September,30,Satisfactory–Moderate.
Chennai,November,44,Moderate; still better than Delhi/Kolkata.
Chennai,November,49,Moderate; still better than Delhi/Kolkata.
Chennai,September,40,Satisfactory–Moderate.
Chennai,October,45,Moderate.
Chennai,October,40,Moderate.
Chennai,October,38,Moderate.
Chennai,October,37,Moderate.
Chennai,November,44,Moderate; still better than Delhi/Kolkata.
Chennai,November,44,Moderate; still better than Delhi/Kolkata.
Chennai,November,44,Moderate; still better than Delhi/Kolkata.
Chennai,September,30,Satisfactory–Moderate.
Chennai,October,39,Moderate.
Chennai,October,43,Moderate.
Chennai,October,44,Moderate.
Chennai,October,45,Moderate.
Chennai,September,33,Satisfactory–Moderate.
Chennai,September,35,Satisfactory–Moderate.
Chennai,October,42,Moderate.
Chennai,October,42,Moderate.
Chennai,November,45,Moderate; still better than Delhi/Kolkata.
Chennai,September,39,Satisfactory–Moderate.
Chennai,September,38,Satisfactory–Moderate.
Chennai,September,39,Satisfactory–Moderate.
Chennai,November,43,Moderate; still better than Delhi/Kolkata.
Chennai,October,39,Moderate.
Chennai,November,44,Moderate; still better than Delhi/Kolkata.
Chennai,September,37,Satisfactory–Moderate.
Chennai,October,38,Moderate.
Chennai,October,35,Moderate.
Chennai,November,44,Moderate; still better than Delhi/Kolkata.
Chennai,November,50,Moderate; still better than Delhi/Kolkata.
Chennai,September,37,Satisfactory–Moderate.
Chennai,November,49,Moderate; still better than Delhi/Kolkata.
Chennai,November,50,Moderate; still better than Delhi/Kolkata.
Chennai,October,36,Moderate.
Chennai,November,50,Moderate; still better than Delhi/Kolkata.
Chennai,October,36,Moderate.
Chennai,September,37,Satisfactory–Moderate.
Chennai,October,35,Moderate.
Chennai,November,42,Moderate; still better than Delhi/Kolkata.
Chennai,November,50,Moderate; still better than Delhi/Kolkata.
Chennai,September,35,Satisfactory–Moderate.
Chennai,September,35,Satisfactory–Moderate.
Chennai,September,38,Satisfactory–Moderate.
Chennai,November,48,Moderate; still better than Delhi/Kolkata.
Chennai,November,40,Moderate; still better than Delhi/Kolkata.
Chennai,October,38,Moderate.
Chennai,September,33,Satisfactory–Moderate.
Chennai,September,40,Satisfactory–Moderate.
Chennai,September,34,Satisfactory–Moderate.
Chennai,September,39,Satisfactory–Moderate.
Chennai,October,35,Moderate.
Chennai,November,40,Moderate; still better than Delhi/Kolkata.
Chennai,September,40,Satisfactory–Moderate.
Chennai,September,37,Satisfactory–Moderate.
Chennai,October,35,Moderate.
Chennai,September,37,Satisfactory–Moderate.
Chennai,November,40,Moderate; still better than Delhi/Kolkata.
Chennai,November,47,Moderate; still better than Delhi/Kolkata.
Chennai,October,40,Moderate.
Chennai,October,40,Moderate.
Chennai,September,32,Satisfactory–Moderate.
Chennai,September,35,Satisfactory–Moderate.
Chennai,September,34,Satisfactory–Moderate.
Chennai,November,50,Moderate; still better than Delhi/Kolkata.
Chennai,November,45,Moderate; still better than Delhi/Kolkata.
Chennai,October,42,Moderate.
Chennai,October,37,Moderate.
Chennai,November,43,Moderate; still better than Delhi/Kolkata.
Chennai,November,47,Moderate; still better than Delhi/Kolkata.
Chennai,October,39,Moderate.
Chennai,November,44,Moderate; still better than Delhi/Kolkata.
Chennai,October,40,Moderate.
Chennai,November,47,Moderate; still better than Delhi/Kolkata.
Chennai,October,43,Moderate.
Chennai,September,39,Satisfactory–Moderate.
Chennai,November,44,Moderate; still better than Delhi/Kolkata.
Chennai,October,45,Moderate.
Chennai,September,39,Satisfactory–Moderate.
Chennai,November,49,Moderate; still better than Delhi/Kolkata.
Chennai,November,44,Moderate; still better than Delhi/Kolkata.
Chennai,September,35,Satisfactory–Moderate.
Chennai,November,42,Moderate; still better than Delhi/Kolkata.
Chennai,September,40,Satisfactory–Moderate.
Chennai,November,44,Moderate; still better than Delhi/Kolkata.
Chennai,November,50,Moderate; still better than Delhi/Kolkata.
Chennai,November,50,Moderate; still better than Delhi/Kolkata.
Chennai,November,41,Moderate; still better than Delhi/Kolkata.
Chennai,November,42,Moderate; still better than Delhi/Kolkata.
Chennai,November,48,Moderate; still better than Delhi/Kolkata.
Chennai,November,40,Moderate; still better than Delhi/Kolkata.
Chennai,September,39,Satisfactory–Moderate.
Chennai,October,39,Moderate.
Chennai,November,50,Moderate; still better than Delhi/Kolkata.
Chennai,October,44,Moderate.
Chennai,November,50,Moderate; still better than Delhi/Kolkata.
Chennai,September,38,Satisfactory–Moderate.
Chennai,November,50,Moderate; still better than Delhi/Kolkata.
Chennai,November,49,Moderate; still better than Delhi/Kolkata.
Chennai,September,31,Satisfactory–Moderate.
Chennai,October,45,Moderate.
Chennai,November,42,Moderate; still better than Delhi/Kolkata.
Chennai,October,45,Moderate.
Chennai,November,49,Moderate; still better than Delhi/Kolkata.
Chennai,September,38,Satisfactory–Moderate.
Chennai,September,35,Satisfactory–Moderate.
Chennai,November,40,Moderate; still better than Delhi/Kolkata.
Chennai,October,38,Moderate.
Chennai,November,40,Moderate; still better than Delhi/Kolkata.
Chennai,September,39,Satisfactory–Moderate.
Chennai,September,31,Satisfactory–Moderate.
Chennai,November,45,Moderate; still better than Delhi/Kolkata.
Chennai,November,45,Moderate; still better than Delhi/Kolkata.
Chennai,November,44,Moderate; still better than Delhi/Kolkata.
Chennai,September,38,Satisfactory–Moderate.
Chennai,October,44,Moderate.
Chennai,November,49,Moderate; still better than Delhi/Kolkata.
Chennai,September,35,Satisfactory–Moderate.
Chennai,September,32,Satisfactory–Moderate.
Chennai,November,43,Moderate; still better than Delhi/Kolkata.
Chennai,October,41,Moderate.
Chennai,September,39,Satisfactory–Moderate.
Chennai,October,35,Moderate.
Chennai,November,49,Moderate; still better than Delhi/Kolkata.
Chennai,October,39,Moderate.
Chennai,September,40,Satisfactory–Moderate.
Chennai,November,49,Moderate; still better than Delhi/Kolkata.
Chennai,October,40,Moderate.
Chennai,November,46,Moderate; still better than Delhi/Kolkata.
Chennai,November,47,Moderate; still better than Delhi/Kolkata.
Chennai,November,50,Moderate; still better than Delhi/Kolkata.
Chennai,October,45,Moderate.
Chennai,October,38,Moderate.
Chennai,November,46,Moderate; still better than Delhi/Kolkata.
Chennai,October,36,Moderate.
Chennai,October,35,Moderate.
Chennai,November,43,Moderate; still better than Delhi/Kolkata.
Chennai,October,43,Moderate.
Chennai,November,50,Moderate; still better than Delhi/Kolkata.
Chennai,September,34,Satisfactory–Moderate.
Chennai,October,44,Moderate.
Chennai,October,38,Moderate.
Chennai,November,49,Moderate; still better than Delhi/Kolkata.
Chennai,September,35,Satisfactory–Moderate.
Chennai,October,45,Moderate.
Chennai,September,40,Satisfactory–Moderate.
Chennai,October,44,Moderate.
Chennai,September,40,Satisfactory–Moderate.
Chennai,October,43,Moderate.
Chennai,October,44,Moderate.
Chennai,October,41,Moderate.
Chennai,October,37,Moderate.
Chennai,November,50,Moderate; still better than Delhi/Kolkata.
Chennai,November,48,Moderate; still better than Delhi/Kolkata.
Chennai,October,37,Moderate.
Chennai,September,40,Satisfactory–Moderate.
Chennai,September,38,Satisfactory–Moderate.
Chennai,November,45,Moderate; still better than Delhi/Kolkata.
Chennai,October,42,Moderate.
Chennai,September,30,Satisfactory–Moderate.
Chennai,October,45,Moderate.
Chennai,October,36,Moderate.
Chennai,November,48,Moderate; still better than Delhi/Kolkata.
Chennai,November,49,Moderate; still better than Delhi/Kolkata.
Chennai,September,39,Satisfactory–Moderate.
Chennai,September,35,Satisfactory–Moderate.
Chennai,September,36,Satisfactory–Moderate.
Chennai,November,48,Moderate; still better than Delhi/Kolkata.
Chennai,November,49,Moderate; still better than Delhi/Kolkata.
Chennai,September,30,Satisfactory–Moderate.
Chennai,September,35,Satisfactory–Moderate.
Chennai,October,35,Moderate.
Chennai,October,39,Moderate.
Chennai,September,30,Satisfactory–Moderate.
Chennai,October,35,Moderate.
Chennai,November,42,Moderate; still better than Delhi/Kolkata.
Chennai,October,35,Moderate.
Chennai,September,30,Satisfactory–Moderate.
Chennai,October,39,Moderate.
Chennai,September,33,Satisfactory–Moderate.
Chennai,September,31,Satisfactory–Moderate.
Chennai,September,32,Satisfactory–Moderate.
Chennai,September,38,Satisfactory–Moderate.
Chennai,October,43,Moderate.
Chennai,November,47,Moderate; still better than Delhi/Kolkata.
Chennai,October,35,Moderate.
Chennai,September,37,Satisfactory–Moderate.
Chennai,September,38,Satisfactory–Moderate.
Chennai,September,31,Satisfactory–Moderate.
Chennai,November,47,Moderate; still better than Delhi/Kolkata.
Chennai,November,42,Moderate; still better than Delhi/Kolkata.
Chennai,September,40,Satisfactory–Moderate.
Chennai,October,39,Moderate.
Chennai,September,37,Satisfactory–Moderate.
Chennai,September,31,Satisfactory–Moderate.
Chennai,September,37,Satisfactory–Moderate.
Chennai,October,45,Moderate.
Chennai,November,50,Moderate; still better than Delhi/Kolkata.
Chennai,September,38,Satisfactory–Moderate.
Chennai,October,37,Moderate.
Chennai,November,48,Moderate; still better than Delhi/Kolkata.
Chennai,September,40,Satisfactory–Moderate.
Chennai,September,33,Satisfactory–Moderate.
Chennai,November,40,Moderate; still better than Delhi/Kolkata.
Chennai,November,41,Moderate; still better than Delhi/Kolkata.
Chennai,November,47,Moderate; still better than Delhi/Kolkata.
Chennai,November,48,Moderate; still better than Delhi/Kolkata.
Chennai,November,49,Moderate; still better than Delhi/Kolkata.
Chennai,September,34,Satisfactory–Moderate.
Chennai,September,30,Satisfactory–Moderate.
Chennai,November,49,Moderate; still better than Delhi/Kolkata.
Chennai,November,42,Moderate; still better than Delhi/Kolkata.
Chennai,November,42,Moderate; still better than Delhi/Kolkata.
Chennai,October,41,Moderate.
Chennai,September,35,Satisfactory–Moderate.
Chennai,November,44,Moderate; still better than Delhi/Kolkata.
Chennai,September,37,Satisfactory–Moderate.
Chennai,October,35,Moderate.
Chennai,September,33,Satisfactory–Moderate.
Chennai,September,37,Satisfactory–Moderate.
Chennai,November,45,Moderate; still better than Delhi/Kolkata.
Chennai,November,49,Moderate; still better than Delhi/Kolkata.
Chennai,September,34,Satisfactory–Moderate.
Chennai,October,43,Moderate.
Chennai,October,36,Moderate.
Chennai,November,40,Moderate; still better than Delhi/Kolkata.
Chennai,September,39,Satisfactory–Moderate.
Chennai,September,37,Satisfactory–Moderate.
Chennai,October,40,Moderate.
Chennai,October,37,Moderate.
Chennai,September,39,Satisfactory–Moderate.
Chennai,October,39,Moderate.
Chennai,October,40,Moderate.
Chennai,November,47,Moderate; still better than Delhi/Kolkata.
Chennai,November,49,Moderate; still better than Delhi/Kolkata.
Chennai,October,38,Moderate.
Chennai,October,43,Moderate.
Chennai,November,49,Moderate; still better than Delhi/Kolkata.
Chennai,November,45,Moderate; still better than Delhi/Kolkata.
Chennai,November,45,Moderate; still better than Delhi/Kolkata.
Chennai,November,42,Moderate; still better than Delhi/Kolkata.
Chennai,November,40,Moderate; still better than Delhi/Kolkata.
Chennai,November,45,Moderate; still better than Delhi/Kolkata.
Chennai,October,41,Moderate.
Chennai,October,38,Moderate.
Chennai,October,36,Moderate.
Chennai,October,35,Moderate.
Chennai,October,41,Moderate.
Chennai,September,35,Satisfactory–Moderate.
Chennai,November,50,Moderate; still better than Delhi/Kolkata.
Chennai,September,38,Satisfactory–Moderate.
Chennai,November,48,Moderate; still better than Delhi/Kolkata.
Chennai,October,42,Moderate.
Chennai,October,37,Moderate.
Chennai,September,40,Satisfactory–Moderate.
Chennai,October,36,Moderate.
Chennai,October,36,Moderate.
Chennai,October,43,Moderate.
Chennai,November,46,Moderate; still better than Delhi/Kolkata.
Chennai,October,38,Moderate.
Chennai,November,46,Moderate; still better than Delhi/Kolkata.
Chennai,November,48,Moderate; still better than Delhi/Kolkata.
Chennai,October,44,Moderate.
Chennai,September,39,Satisfactory–Moderate.
Chennai,October,42,Moderate.
Chennai,October,39,Moderate.
Chennai,November,45,Moderate; still better than Delhi/Kolkata.
Chennai,November,41,Moderate; still better than Delhi/Kolkata.
Chennai,November,40,Moderate; still better than Delhi/Kolkata.
Chennai,October,42,Moderate.
Chennai,November,40,Moderate; still better than Delhi/Kolkata.
Chennai,September,38,Satisfactory–Moderate.
Chennai,September,35,Satisfactory–Moderate.
Chennai,September,32,Satisfactory–Moderate.
Chennai,September,30,Satisfactory–Moderate.
Chennai,November,43,Moderate; still better than Delhi/Kolkata.
Chennai,November,50,Moderate; still better than Delhi/Kolkata.
Chennai,October,38,Moderate.
Chennai,September,35,Satisfactory–Moderate.
Chennai,September,38,Satisfactory–Moderate.
Chennai,October,40,Moderate.
Chennai,October,45,Moderate.
Chennai,October,42,Moderate.
Chennai,October,40,Moderate.
Chennai,November,41,Moderate; still better than Delhi/Kolkata.
Chennai,October,35,Moderate.
Chennai,September,38,Satisfactory–Moderate.
Chennai,November,50,Moderate; still better than Delhi/Kolkata.
Chennai,October,38,Moderate.
Chennai,November,49,Moderate; still better than Delhi/Kolkata.
Chennai,September,34,Satisfactory–Moderate.
Chennai,November,42,Moderate; still better than Delhi/Kolkata.
Chennai,September,30,Satisfactory–Moderate.
Chennai,October,42,Moderate.
Chennai,October,43,Moderate.
Chennai,October,40,Moderate.
Chennai,November,44,Moderate; still better than Delhi/Kolkata.
Chennai,October,42,Moderate.
Chennai,October,40,Moderate.
Chennai,November,41,Moderate; still better than Delhi/Kolkata.
Chennai,November,40,Moderate; still better than Delhi/Kolkata.
Chennai,September,36,Satisfactory–Moderate.
Chennai,September,39,Satisfactory–Moderate.
Chennai,November,40,Moderate; still better than Delhi/Kolkata.
Chennai,November,42,Moderate; still better than Delhi/Kolkata.
Chennai,November,48,Moderate; still better than Delhi/Kolkata.
Chennai,October,40,Moderate.
Chennai,October,45,Moderate.
Chennai,September,33,Satisfactory–Moderate.
Chennai,October,35,Moderate.
Chennai,September,33,Satisfactory–Moderate.
Chennai,October,35,Moderate.
Chennai,September,36,Satisfactory–Moderate.
Chennai,November,49,Moderate; still better than Delhi/Kolkata.
Chennai,October,45,Moderate.
Chennai,November,48,Moderate; still better than Delhi/Kolkata.
Chennai,November,50,Moderate; still better than Delhi/Kolkata.
Chennai,November,40,Moderate; still better than Delhi/Kolkata.
Chennai,September,38,Satisfactory–Moderate.
Chennai,November,41,Moderate; still better than Delhi/Kolkata.
Chennai,October,45,Moderate.
Chennai,September,31,Satisfactory–Moderate.
Chennai,November,42,Moderate; still better than Delhi/Kolkata.
Chennai,October,35,Moderate.
Chennai,September,38,Satisfactory–Moderate.
Chennai,October,42,Moderate.
Chennai,November,41,Moderate; still better than Delhi/Kolkata.
Chennai,November,44,Moderate; still better than Delhi/Kolkata.
Chennai,November,43,Moderate; still better than Delhi/Kolkata.
Chennai,September,32,Satisfactory–Moderate.
Chennai,September,38,Satisfactory–Moderate.
Chennai,November,46,Moderate; still better than Delhi/Kolkata.
Chennai,October,44,Moderate.
Chennai,September,32,Satisfactory–Moderate.
Chennai,October,42,Moderate.
Chennai,September,37,Satisfactory–Moderate.
Chennai,September,39,Satisfactory–Moderate.
Chennai,October,45,Moderate.
Chennai,October,43,Moderate.
Chennai,November,42,Moderate; still better than Delhi/Kolkata.
Chennai,September,35,Satisfactory–Moderate.
Chennai,September,38,Satisfactory–Moderate.
Chennai,September,35,Satisfactory–Moderate.
Chennai,November,47,Moderate; still better than Delhi/Kolkata.
Chennai,November,48,Moderate; still better than Delhi/Kolkata.
Chennai,September,39,Satisfactory–Moderate.
Chennai,September,35,Satisfactory–Moderate.
Chennai,November,40,Moderate; still better than Delhi/Kolkata.
Chennai,September,40,Satisfactory–Moderate.
Chennai,November,45,Moderate; still better than Delhi/Kolkata.
Chennai,October,42,Moderate.
Chennai,October,37,Moderate.
Chennai,November,46,Moderate; still better than Delhi/Kolkata.
Chennai,September,32,Satisfactory–Moderate.
Chennai,November,40,Moderate; still better than Delhi/Kolkata.
Chennai,November,47,Moderate; still better than Delhi/Kolkata.
Chennai,November,48,Moderate; still better than Delhi/Kolkata.
Chennai,November,46,Moderate; still better than Delhi/Kolkata.
Chennai,November,48,Moderate; still better than Delhi/Kolkata.
Chennai,November,46,Moderate; still better than Delhi/Kolkata.
Chennai,September,36,Satisfactory–Moderate.
Chennai,October,44,Moderate.
Chennai,October,37,Moderate.
Chennai,September,38,Satisfactory–Moderate.
Chennai,October,43,Moderate.
Chennai,September,31,Satisfactory–Moderate.
Chennai,October,39,Moderate.
Chennai,September,31,Satisfactory–Moderate.
Chennai,November,40,Moderate; still better than Delhi/Kolkata.
Chennai,October,43,Moderate.
Chennai,October,43,Moderate.
Chennai,September,38,Satisfactory–Moderate.
Chennai,September,39,Satisfactory–Moderate.
Chennai,September,34,Satisfactory–Moderate.
Chennai,November,46,Moderate; still better than Delhi/Kolkata.
Chennai,October,40,Moderate.
Chennai,November,45,Moderate; still better than Delhi/Kolkata.
Chennai,October,40,Moderate.
Chennai,October,36,Moderate.
Chennai,October,40,Moderate.
Chennai,September,32,Satisfactory–Moderate.
Chennai,November,43,Moderate; still better than Delhi/Kolkata.
Chennai,October,39,Moderate.
Chennai,September,31,Satisfactory–Moderate.
Chennai,November,48,Moderate; still better than Delhi/Kolkata.
Chennai,November,50,Moderate; still better than Delhi/Kolkata.
Chennai,November,48,Moderate; still better than Delhi/Kolkata.
Chennai,September,34,Satisfactory–Moderate.
Chennai,October,42,Moderate.
Chennai,November,49,Moderate; still better than Delhi/Kolkata.
Chennai,November,43,Moderate; still better than Delhi/Kolkata.
Chennai,November,44,Moderate; still better than Delhi/Kolkata.
Chennai,October,41,Moderate.
Chennai,November,50,Moderate; still better than Delhi/Kolkata.
Chennai,October,39,Moderate.
Chennai,September,39,Satisfactory–Moderate.
Chennai,September,35,Satisfactory–Moderate.
Chennai,October,42,Moderate.
Chennai,September,32,Satisfactory–Moderate.
Chennai,November,40,Moderate; still better than Delhi/Kolkata.
Chennai,October,43,Moderate.
Chennai,October,45,Moderate.
Chennai,October,44,Moderate.
Chennai,September,39,Satisfactory–Moderate.
Chennai,October,44,Moderate.
Chennai,October,38,Moderate.
Chennai,November,41,Moderate; still better than Delhi/Kolkata.
Chennai,October,37,Moderate.
Chennai,November,49,Moderate; still better than Delhi/Kolkata.
Chennai,October,36,Moderate.
Chennai,October,43,Moderate.
Chennai,October,36,Moderate.
Chennai,September,31,Satisfactory–Moderate.
Chennai,September,32,Satisfactory–Moderate.
Chennai,October,36,Moderate.
Chennai,September,38,Satisfactory–Moderate.
Chennai,October,40,Moderate.
Chennai,November,46,Moderate; still better than Delhi/Kolkata.
Chennai,October,39,Moderate.
Chennai,November,47,Moderate; still better than Delhi/Kolkata.
Chennai,November,47,Moderate; still better than Delhi/Kolkata.
Chennai,September,37,Satisfactory–Moderate.
Chennai,November,44,Moderate; still better than Delhi/Kolkata.
Chennai,October,44,Moderate.
Chennai,October,45,Moderate.
Chennai,September,38,Satisfactory–Moderate.
Chennai,October,37,Moderate.
Chennai,September,30,Satisfactory–Moderate.
Chennai,October,43,Moderate.
Chennai,November,48,Moderate; still better than Delhi/Kolkata.
Chennai,November,45,Moderate; still better than Delhi/Kolkata.
Chennai,November,47,Moderate; still better than Delhi/Kolkata.
Chennai,October,39,Moderate.
Chennai,November,49,Moderate; still better than Delhi/Kolkata.
Chennai,September,35,Satisfactory–Moderate.
Chennai,September,40,Satisfactory–Moderate.
Chennai,November,43,Moderate; still better than Delhi/Kolkata.
Chennai,October,41,Moderate.
Chennai,October,44,Moderate.
Chennai,October,41,Moderate.
Chennai,November,45,Moderate; still better than Delhi/Kolkata.
Chennai,November,44,Moderate; still better than Delhi/Kolkata.
Chennai,September,37,Satisfactory–Moderate.
Chennai,September,40,Satisfactory–Moderate.
Chennai,November,45,Moderate; still better than Delhi/Kolkata.
Chennai,October,41,Moderate.
Chennai,October,42,Moderate.
Chennai,November,40,Moderate; still better than Delhi/Kolkata.
Chennai,October,43,Moderate.
Chennai,September,37,Satisfactory–Moderate.
Chennai,September,36,Satisfactory–Moderate.
Chennai,September,36,Satisfactory–Moderate.
Chennai,November,48,Moderate; still better than Delhi/Kolkata.
Chennai,November,50,Moderate; still better than Delhi/Kolkata.
Chennai,October,40,Moderate.
Chennai,November,40,Moderate; still better than Delhi/Kolkata.
Chennai,November,43,Moderate; still better than Delhi/Kolkata.
Chennai,October,38,Moderate.
Chennai,November,40,Moderate; still better than Delhi/Kolkata.
Chennai,October,38,Moderate.
Chennai,September,34,Satisfactory–Moderate.
Chennai,November,42,Moderate; still better than Delhi/Kolkata.
Chennai,September,31,Satisfactory–Moderate.
Chennai,October,42,Moderate.
Chennai,September,31,Satisfactory–Moderate.
Chennai,November,42,Moderate; still better than Delhi/Kolkata.
Chennai,October,35,Moderate.
Chennai,November,49,Moderate; still better than Delhi/Kolkata.
Chennai,November,44,Moderate; still better than Delhi/Kolkata.
Chennai,September,33,Satisfactory–Moderate.
Chennai,September,33,Satisfactory–Moderate.
Chennai,October,35,Moderate.
Chennai,October,38,Moderate.
Chennai,October,40,Moderate.
Chennai,September,30,Satisfactory–Moderate.
Chennai,October,44,Moderate.
Chennai,September,35,Satisfactory–Moderate.
Chennai,October,43,Moderate.
Chennai,October,43,Moderate.
Chennai,October,43,Moderate.
Chennai,November,43,Moderate; still better than Delhi/Kolkata.
Chennai,September,31,Satisfactory–Moderate.
